VFID,objname,ra,dec,cutout_size,E_B_V_SandF,mean_E_B_V_SandF,stdev_E_B_V_SandF,max_E_B_V_SandF,min_E_B_V_SandF,AV_SandF,E_B_V_SFD,mean_E_B_V_SFD,stdev_E_B_V_SFD,max_E_B_V_SFD,min_E_B_V_SFD,AV_SFD,errmsg,A(FUV)_SandF,A(NUV)_SandF,A(G)_SandF,A(R)_SandF,A(Z)_SandF,A(W1)_SandF,A(W2)_SandF,A(W3)_SandF,A(W4)_SandF,A(FUV)_SFD,A(NUV)_SFD,A(G)_SFD,A(R)_SFD,A(Z)_SFD,A(W1)_SFD,A(W2)_SFD,A(W3)_SFD,A(W4)_SFD,A(FUV)_S16,A(NUV)_S16,A(G)_S16,A(R)_S16,A(Z)_S16,A(W1)_S16,A(W2)_S16,A(W3)_S16,A(W4)_S16
VFID0018,,189.35429,74.19186,2.0,0.0243,0.024,0.0005,0.0252,0.0228,0.0753,0.0282,0.028,0.0006,0.0293,0.0265,0.0875,,0.200232,0.1992599999999999,0.0781002,0.0526095,0.0294273,0.0044712,0.0027459,0.00058563,0.00022113,0.232368,0.2312399999999999,0.0906348,0.061053,0.0341502,0.0051887999999999,0.0031866,0.00067962,0.00025662,0.2,0.2,0.0906348,0.061053,0.0341502,0.0051887999999999,0.0031866,0.00067962,0.00025662
VFID0087,,107.92788,72.16919,2.0,0.0515,0.0512,0.0033,0.0563,0.0442,0.1597,0.0599,0.0596,0.0039,0.0655,0.0514,0.1857,,0.42436,0.4222999999999999,0.165521,0.1114975,0.0623665,0.009476,0.0058195,0.00124115,0.00046865,0.493576,0.4911799999999999,0.1925186,0.1296835,0.0725389,0.0110216,0.0067687,0.00144359,0.00054509,0.2,0.2,0.1925186,0.1296835,0.0725389,0.0110216,0.0067687,0.00144359,0.00054509
VFID0132,,151.37847,70.36444,2.0,0.0684,0.0698,0.0043,0.0768,0.0615,0.212,0.0795,0.0812,0.005,0.0893,0.0715,0.2466,,0.563616,0.5608799999999999,0.2198376,0.148086,0.0828324,0.0125856,0.0077292,0.00164844,0.00062244,0.65508,0.6518999999999999,0.255513,0.1721175,0.0962745,0.014628,0.0089835,0.00191595,0.00072345,0.2,0.2,0.255513,0.1721175,0.0962745,0.014628,0.0089835,0.00191595,0.00072345
VFID0187,,170.05157,67.24163,2.0,0.0125,0.0123,0.0004,0.0128,0.0115,0.0389,0.0146,0.0144,0.0004,0.0149,0.0134,0.0452,,0.103,0.1025,0.040175,0.0270625,0.0151375,0.0023,0.0014125,0.00030125,0.00011375,0.120304,0.11972,0.0469244,0.031609,0.0176806,0.0026864,0.0016498,0.00035186,0.00013286,0.2,0.2,0.0469244,0.031609,0.0176806,0.0026864,0.0016498,0.00035186,0.00013286
VFID0240,,182.02487,65.17418,2.0,0.0163,0.0163,0.0006,0.0174,0.0151,0.0504,0.0189,0.0189,0.0007,0.0202,0.0175,0.0586,,0.134312,0.1336599999999999,0.0523881999999999,0.0352894999999999,0.0197392999999999,0.0029991999999999,0.0018418999999999,0.0003928299999999,0.0001483299999999,0.155736,0.1549799999999999,0.0607446,0.0409185,0.0228879,0.0034776,0.0021357,0.00045549,0.00017199,0.2,0.2,0.0607446,0.0409185,0.0228879,0.0034776,0.0021357,0.00045549,0.00017199
VFID0488,,178.30694,60.67559,2.0,0.0235,0.0227,0.0019,0.0249,0.0181,0.073,0.0274,0.0264,0.0022,0.029,0.0211,0.0848,,0.19364,0.1926999999999999,0.075529,0.0508775,0.0284585,0.004324,0.0026555,0.00056635,0.00021385,0.225776,0.22468,0.0880636,0.059321,0.0331814,0.0050416,0.0030962,0.00066034,0.00024934,0.2,0.2,0.0880636,0.059321,0.0331814,0.0050416,0.0030962,0.00066034,0.00024934
VFID0692,,133.8946,58.73439,2.0,0.0537,0.0506,0.0024,0.0539,0.0457,0.1666,0.0625,0.0588,0.0028,0.0627,0.0532,0.1937,,0.442488,0.4403399999999999,0.1725918,0.1162605,0.0650307,0.0098807999999999,0.0060681,0.0012941699999999,0.00048867,0.515,0.5125,0.200875,0.1353125,0.0756875,0.0115,0.0070625,0.00150625,0.00056875,0.2,0.2,0.200875,0.1353125,0.0756875,0.0115,0.0070625,0.00150625,0.00056875
VFID0696,,208.69164,58.66662,2.0,0.0084,0.0083,0.0003,0.0088,0.0073,0.026,0.0098,0.0096,0.0004,0.0102,0.0085,0.0302,,0.069216,0.0688799999999999,0.0269975999999999,0.018186,0.0101724,0.0015455999999999,0.0009492,0.00020244,7.643999999999999e-05,0.080752,0.0803599999999999,0.0314971999999999,0.021217,0.0118678,0.0018031999999999,0.0011074,0.0002361799999999,8.918e-05,0.2,0.2,0.0314971999999999,0.021217,0.0118678,0.0018031999999999,0.0011074,0.0002361799999999,8.918e-05
VFID0711,,172.13989,58.56291,2.0,0.0143,0.0144,0.0002,0.0149,0.0142,0.0444,0.0167,0.0168,0.0002,0.0174,0.0166,0.0517,,0.117832,0.1172599999999999,0.0459602,0.0309595,0.0173173,0.0026312,0.0016159,0.00034463,0.00013013,0.137608,0.1369399999999999,0.0536738,0.0361555,0.0202237,0.0030727999999999,0.0018871,0.00040247,0.00015197,0.2,0.2,0.0536738,0.0361555,0.0202237,0.0030727999999999,0.0018871,0.00040247,0.00015197
VFID0712,,172.12826,58.56184,2.0,0.0143,0.0144,0.0002,0.0149,0.0142,0.0444,0.0167,0.0168,0.0002,0.0174,0.0166,0.0517,,0.117832,0.1172599999999999,0.0459602,0.0309595,0.0173173,0.0026312,0.0016159,0.00034463,0.00013013,0.137608,0.1369399999999999,0.0536738,0.0361555,0.0202237,0.0030727999999999,0.0018871,0.00040247,0.00015197,0.2,0.2,0.0536738,0.0361555,0.0202237,0.0030727999999999,0.0018871,0.00040247,0.00015197
VFID0757,,174.11036,58.19085,2.0,0.0132,0.0117,0.0008,0.0132,0.0103,0.041,0.0154,0.0136,0.0009,0.0154,0.0119,0.0477,,0.108768,0.1082399999999999,0.0424248,0.028578,0.0159852,0.0024288,0.0014916,0.00031812,0.00012012,0.126896,0.12628,0.0494956,0.033341,0.0186494,0.0028336,0.0017402,0.00037114,0.00014014,0.2,0.2,0.0494956,0.033341,0.0186494,0.0028336,0.0017402,0.00037114,0.00014014
VFID0948,,175.22522,56.2022,2.0,0.0113,0.0113,0.0004,0.0121,0.0104,0.0351,0.0132,0.0131,0.0005,0.0141,0.0121,0.0408,,0.093112,0.0926599999999999,0.0363181999999999,0.0244645,0.0136843,0.0020792,0.0012768999999999,0.00027233,0.00010283,0.108768,0.1082399999999999,0.0424248,0.028578,0.0159852,0.0024288,0.0014916,0.00031812,0.00012012,0.2,0.2,0.0424248,0.028578,0.0159852,0.0024288,0.0014916,0.00031812,0.00012012
VFID0956,,177.31377,56.08436,2.0,0.018,0.0147,0.0022,0.0187,0.0106,0.0558,0.0209,0.0171,0.0026,0.0217,0.0123,0.0649,,0.1483199999999999,0.1475999999999999,0.0578519999999999,0.03897,0.021798,0.003312,0.002034,0.0004338,0.0001638,0.1722159999999999,0.1713799999999999,0.0671726,0.0452485,0.0253099,0.0038456,0.0023617,0.00050369,0.00019019,0.2,0.2,0.0671726,0.0452485,0.0253099,0.0038456,0.0023617,0.00050369,0.00019019
VFID0960,,161.34331,55.96037,2.0,0.0063,0.0063,0.0004,0.0072,0.0057,0.0195,0.0073,0.0073,0.0005,0.0084,0.0066,0.0227,,0.051912,0.05166,0.0202482,0.0136395,0.0076293,0.0011592,0.0007119,0.00015183,5.733e-05,0.060152,0.05986,0.0234622,0.0158045,0.0088403,0.0013432,0.0008249,0.00017593,6.643e-05,0.2,0.2,0.0234622,0.0158045,0.0088403,0.0013432,0.0008249,0.00017593,6.643e-05
VFID0976,,226.62298,55.76322,2.0,0.0115,0.0115,0.0001,0.0119,0.0113,0.0357,0.0134,0.0134,0.0002,0.0138,0.0131,0.0415,,0.09476,0.0943,0.036961,0.0248975,0.0139265,0.002116,0.0012995,0.00027715,0.00010465,0.110416,0.1098799999999999,0.0430676,0.029011,0.0162274,0.0024656,0.0015142,0.00032294,0.00012194,0.2,0.2,0.0430676,0.029011,0.0162274,0.0024656,0.0015142,0.00032294,0.00012194
VFID1035,,179.11719,55.12526,2.0,0.0121,0.0122,0.0002,0.0128,0.0119,0.0376,0.0141,0.0142,0.0002,0.0149,0.0139,0.0437,,0.099704,0.0992199999999999,0.0388894,0.0261965,0.0146531,0.0022264,0.0013673,0.00029161,0.00011011,0.116184,0.1156199999999999,0.0453174,0.0305265,0.0170751,0.0025943999999999,0.0015933,0.00033981,0.00012831,0.2,0.2,0.0453174,0.0305265,0.0170751,0.0025943999999999,0.0015933,0.00033981,0.00012831
VFID1037,,211.85404,55.10301,2.0,0.0166,0.0152,0.0012,0.0175,0.0127,0.0514,0.0193,0.0177,0.0014,0.0203,0.0148,0.0598,,0.136784,0.13612,0.0533524,0.035939,0.0201026,0.0030544,0.0018758,0.00040006,0.00015106,0.159032,0.1582599999999999,0.0620302,0.0417845,0.0233723,0.0035512,0.0021809,0.00046513,0.00017563,0.2,0.2,0.0620302,0.0417845,0.0233723,0.0035512,0.0021809,0.00046513,0.00017563
VFID1040,,176.06172,55.03499,2.0,0.0116,0.0104,0.0021,0.0136,0.007,0.0361,0.0135,0.0121,0.0025,0.0158,0.0081,0.042,,0.095584,0.0951199999999999,0.0372824,0.0251139999999999,0.0140476,0.0021344,0.0013108,0.00027956,0.00010556,0.11124,0.1106999999999999,0.043389,0.0292275,0.0163485,0.002484,0.0015255,0.00032535,0.00012285,0.2,0.2,0.043389,0.0292275,0.0163485,0.002484,0.0015255,0.00032535,0.00012285
VFID1046,,211.79728,55.00163,2.0,0.0131,0.0127,0.0014,0.0165,0.0104,0.0407,0.0153,0.0148,0.0017,0.0192,0.0121,0.0473,,0.107944,0.10742,0.0421034,0.0283615,0.0158641,0.0024104,0.0014803,0.00031571,0.00011921,0.126072,0.12546,0.0491741999999999,0.0331245,0.0185283,0.0028152,0.0017289,0.00036873,0.00013923,0.2,0.2,0.0491741999999999,0.0331245,0.0185283,0.0028152,0.0017289,0.00036873,0.00013923
VFID1097,,163.66418,54.30511,2.0,0.0101,0.0102,0.0,0.0102,0.01,0.0315,0.0118,0.0118,0.0,0.0119,0.0116,0.0366,,0.0832239999999999,0.0828199999999999,0.0324614,0.0218665,0.0122311,0.0018583999999999,0.0011413,0.00024341,9.191e-05,0.097232,0.0967599999999999,0.0379252,0.025547,0.0142898,0.0021712,0.0013334,0.00028438,0.00010738,0.2,0.2,0.0379252,0.025547,0.0142898,0.0021712,0.0013334,0.00028438,0.00010738
VFID1098,,174.20012,54.29359,2.0,0.0098,0.0098,0.0004,0.011,0.0088,0.0304,0.0114,0.0114,0.0005,0.0127,0.0102,0.0353,,0.080752,0.0803599999999999,0.0314971999999999,0.021217,0.0118678,0.0018031999999999,0.0011074,0.0002361799999999,8.918e-05,0.093936,0.09348,0.0366396,0.024681,0.0138054,0.0020976,0.0012882,0.00027474,0.00010374,0.2,0.2,0.0366396,0.024681,0.0138054,0.0020976,0.0012882,0.00027474,0.00010374
VFID1173,,170.262,53.16956,2.0,0.0141,0.0141,0.0003,0.015,0.0138,0.0438,0.0164,0.0164,0.0003,0.0175,0.016,0.0509,,0.116184,0.1156199999999999,0.0453174,0.0305265,0.0170751,0.0025943999999999,0.0015933,0.00033981,0.00012831,0.135136,0.13448,0.0527096,0.035506,0.0198604,0.0030176,0.0018532,0.00039524,0.00014924,0.2,0.2,0.0527096,0.035506,0.0198604,0.0030176,0.0018532,0.00039524,0.00014924
VFID1175,,173.45586,53.12585,2.0,0.0098,0.0098,0.0004,0.0107,0.0089,0.0304,0.0114,0.0114,0.0005,0.0124,0.0103,0.0353,,0.080752,0.0803599999999999,0.0314971999999999,0.021217,0.0118678,0.0018031999999999,0.0011074,0.0002361799999999,8.918e-05,0.093936,0.09348,0.0366396,0.024681,0.0138054,0.0020976,0.0012882,0.00027474,0.00010374,0.2,0.2,0.0366396,0.024681,0.0138054,0.0020976,0.0012882,0.00027474,0.00010374
VFID1182,,173.1452,53.0679,2.0,0.0121,0.0121,0.0003,0.0125,0.0113,0.0376,0.0141,0.0141,0.0004,0.0146,0.0132,0.0438,,0.099704,0.0992199999999999,0.0388894,0.0261965,0.0146531,0.0022264,0.0013673,0.00029161,0.00011011,0.116184,0.1156199999999999,0.0453174,0.0305265,0.0170751,0.0025943999999999,0.0015933,0.00033981,0.00012831,0.2,0.2,0.0453174,0.0305265,0.0170751,0.0025943999999999,0.0015933,0.00033981,0.00012831
VFID1211,,162.27103,52.3355,2.0,0.0111,0.0109,0.0009,0.0126,0.0093,0.0343,0.0129,0.0127,0.001,0.0146,0.0108,0.0399,,0.091464,0.0910199999999999,0.0356754,0.0240315,0.0134421,0.0020424,0.0012543,0.00026751,0.00010101,0.106296,0.1057799999999999,0.0414606,0.0279285,0.0156219,0.0023736,0.0014577,0.0003108899999999,0.00011739,0.2,0.2,0.0414606,0.0279285,0.0156219,0.0023736,0.0014577,0.0003108899999999,0.00011739
VFID1212,,178.45422,52.32669,2.0,0.0258,0.0263,0.0012,0.0303,0.0246,0.0799,0.03,0.0306,0.0014,0.0352,0.0287,0.0929,,0.212592,0.2115599999999999,0.0829212,0.055857,0.0312438,0.0047472,0.0029154,0.0006217799999999,0.00023478,0.2472,0.2459999999999999,0.0964199999999999,0.06495,0.03633,0.00552,0.00339,0.000723,0.000273,0.2,0.2,0.0964199999999999,0.06495,0.03633,0.00552,0.00339,0.000723,0.000273
VFID1291,,211.58992,50.7251,2.0,0.0157,0.016,0.0006,0.0174,0.0151,0.0488,0.0183,0.0186,0.0007,0.0203,0.0175,0.0568,,0.1293679999999999,0.1287399999999999,0.0504597999999999,0.0339905,0.0190127,0.0028887999999999,0.0017740999999999,0.0003783699999999,0.00014287,0.150792,0.15006,0.0588162,0.0396195,0.0221613,0.0033672,0.0020679,0.00044103,0.00016653,0.2,0.2,0.0588162,0.0396195,0.0221613,0.0033672,0.0020679,0.00044103,0.00016653
VFID1292,,211.67183,50.72329,2.0,0.0155,0.0155,0.0006,0.0169,0.0146,0.0481,0.0181,0.018,0.0007,0.0196,0.017,0.056,,0.12772,0.1271,0.049817,0.0335575,0.0187705,0.002852,0.0017515,0.00037355,0.00014105,0.149144,0.14842,0.0581734,0.0391865,0.0219191,0.0033304,0.0020453,0.00043621,0.00016471,0.2,0.2,0.0581734,0.0391865,0.0219191,0.0033304,0.0020453,0.00043621,0.00016471
VFID1350,,204.00504,49.96079,2.0,0.0093,0.0092,0.0005,0.0101,0.008,0.0289,0.0108,0.0107,0.0005,0.0117,0.0093,0.0336,,0.0766319999999999,0.0762599999999999,0.0298902,0.0201345,0.0112623,0.0017111999999999,0.0010509,0.0002241299999999,8.463e-05,0.088992,0.08856,0.0347112,0.023382,0.0130788,0.0019872,0.0012204,0.00026028,9.828e-05,0.2,0.2,0.0347112,0.023382,0.0130788,0.0019872,0.0012204,0.00026028,9.828e-05
VFID1374,,181.53565,49.58277,2.0,0.0199,0.0198,0.0002,0.0202,0.0194,0.0616,0.0231,0.023,0.0002,0.0235,0.0226,0.0716,,0.163976,0.16318,0.0639586,0.0430835,0.0240989,0.0036616,0.0022487,0.00047959,0.00018109,0.1903439999999999,0.1894199999999999,0.0742434,0.0500115,0.0279741,0.0042504,0.0026103,0.00055671,0.00021021,0.2,0.2,0.0742434,0.0500115,0.0279741,0.0042504,0.0026103,0.00055671,0.00021021
VFID1609,,182.49365,46.45733,2.0,0.0128,0.0127,0.0004,0.0133,0.0117,0.0398,0.0149,0.0148,0.0005,0.0155,0.0136,0.0463,,0.105472,0.10496,0.0411392,0.027712,0.0155008,0.0023552,0.0014464,0.00030848,0.00011648,0.122776,0.1221799999999999,0.0478885999999999,0.0322585,0.0180439,0.0027416,0.0016837,0.00035909,0.00013559,0.2,0.2,0.0478885999999999,0.0322585,0.0180439,0.0027416,0.0016837,0.00035909,0.00013559
VFID1643,,206.60277,46.10716,2.0,0.0148,0.0148,0.0002,0.0154,0.0145,0.046,0.0173,0.0172,0.0003,0.0179,0.0168,0.0535,,0.121952,0.12136,0.0475672,0.032042,0.0179228,0.0027232,0.0016724,0.00035668,0.00013468,0.142552,0.1418599999999999,0.0556022,0.0374545,0.0209503,0.0031831999999999,0.0019549,0.00041693,0.00015743,0.2,0.2,0.0556022,0.0374545,0.0209503,0.0031831999999999,0.0019549,0.00041693,0.00015743
VFID1670,,123.49537,45.74182,2.0,0.0448,0.0451,0.0013,0.0478,0.043,0.1389,0.0521,0.0524,0.0015,0.0556,0.05,0.1615,,0.369152,0.3673599999999999,0.1439872,0.096992,0.0542528,0.0082432,0.0050624,0.00107968,0.00040768,0.429304,0.42722,0.1674494,0.1127965,0.0630931,0.0095864,0.0058873,0.00125561,0.00047411,0.2,0.2,0.1674494,0.1127965,0.0630931,0.0095864,0.0058873,0.00125561,0.00047411
VFID1729,,187.18986,44.8642,2.0,0.0163,0.0164,0.0005,0.0173,0.0157,0.0505,0.019,0.0191,0.0006,0.0202,0.0182,0.0588,,0.134312,0.1336599999999999,0.0523881999999999,0.0352894999999999,0.0197392999999999,0.0029991999999999,0.0018418999999999,0.0003928299999999,0.0001483299999999,0.15656,0.1558,0.0610659999999999,0.041135,0.023009,0.003496,0.002147,0.0004578999999999,0.0001729,0.2,0.2,0.0610659999999999,0.041135,0.023009,0.003496,0.002147,0.0004578999999999,0.0001729
VFID1754,,180.79042,44.53121,2.0,0.0112,0.0112,0.0001,0.0114,0.011,0.0348,0.0131,0.0131,0.0001,0.0133,0.0128,0.0405,,0.092288,0.0918399999999999,0.0359968,0.024248,0.0135632,0.0020608,0.0012656,0.00026992,0.00010192,0.107944,0.10742,0.0421034,0.0283615,0.0158641,0.0024104,0.0014803,0.00031571,0.00011921,0.2,0.2,0.0421034,0.0283615,0.0158641,0.0024104,0.0014803,0.00031571,0.00011921
VFID1776,,178.20585,44.12077,2.0,0.0183,0.0183,0.0002,0.0187,0.0177,0.0569,0.0213,0.0213,0.0002,0.0217,0.0206,0.0661,,0.150792,0.15006,0.0588162,0.0396195,0.0221613,0.0033672,0.0020679,0.00044103,0.00016653,0.175512,0.1746599999999999,0.0684582,0.0461145,0.0257943,0.0039191999999999,0.0024069,0.00051333,0.00019383,0.2,0.2,0.0684582,0.0461145,0.0257943,0.0039191999999999,0.0024069,0.00051333,0.00019383
VFID1783,,198.04886,44.0377,2.0,0.0155,0.0153,0.0004,0.0158,0.0141,0.048,0.018,0.0178,0.0005,0.0184,0.0164,0.0559,,0.12772,0.1271,0.049817,0.0335575,0.0187705,0.002852,0.0017515,0.00037355,0.00014105,0.1483199999999999,0.1475999999999999,0.0578519999999999,0.03897,0.021798,0.003312,0.002034,0.0004338,0.0001638,0.2,0.2,0.0578519999999999,0.03897,0.021798,0.003312,0.002034,0.0004338,0.0001638
VFID1803,,183.32036,43.6985,2.0,0.0129,0.0129,0.0002,0.013,0.0124,0.04,0.015,0.015,0.0002,0.0151,0.0144,0.0465,,0.106296,0.1057799999999999,0.0414606,0.0279285,0.0156219,0.0023736,0.0014577,0.0003108899999999,0.00011739,0.1236,0.1229999999999999,0.0482099999999999,0.032475,0.018165,0.00276,0.001695,0.0003615,0.0001365,0.2,0.2,0.0482099999999999,0.032475,0.018165,0.00276,0.001695,0.0003615,0.0001365
VFID1804,,182.37404,43.68527,2.0,0.0121,0.0121,0.0001,0.0122,0.0119,0.0374,0.014,0.0141,0.0001,0.0142,0.0139,0.0435,,0.099704,0.0992199999999999,0.0388894,0.0261965,0.0146531,0.0022264,0.0013673,0.00029161,0.00011011,0.11536,0.1148,0.044996,0.03031,0.016954,0.002576,0.001582,0.0003374,0.0001274,0.2,0.2,0.044996,0.03031,0.016954,0.002576,0.001582,0.0003374,0.0001274
VFID1928,,228.76356,42.04989,2.0,0.0301,0.0295,0.0015,0.0314,0.0261,0.0933,0.035,0.0343,0.0018,0.0365,0.0303,0.1085,,0.248024,0.2468199999999999,0.0967413999999999,0.0651665,0.0364511,0.0055384,0.0034013,0.00072541,0.00027391,0.2884,0.287,0.11249,0.075775,0.042385,0.00644,0.003955,0.0008435,0.0003185,0.2,0.2,0.11249,0.075775,0.042385,0.00644,0.003955,0.0008435,0.0003185
VFID1933,,139.34535,41.99981,2.0,0.0171,0.0171,0.0002,0.0175,0.0167,0.053,0.0199,0.0199,0.0002,0.0204,0.0194,0.0616,,0.140904,0.1402199999999999,0.0549594,0.0370215,0.0207081,0.0031464,0.0019323,0.00041211,0.00015561,0.163976,0.16318,0.0639586,0.0430835,0.0240989,0.0036616,0.0022487,0.00047959,0.00018109,0.2,0.2,0.0639586,0.0430835,0.0240989,0.0036616,0.0022487,0.00047959,0.00018109
VFID1934,,139.37905,41.99417,2.0,0.0171,0.0171,0.0001,0.0173,0.0168,0.0531,0.0199,0.0199,0.0001,0.0201,0.0195,0.0617,,0.140904,0.1402199999999999,0.0549594,0.0370215,0.0207081,0.0031464,0.0019323,0.00041211,0.00015561,0.163976,0.16318,0.0639586,0.0430835,0.0240989,0.0036616,0.0022487,0.00047959,0.00018109,0.2,0.2,0.0639586,0.0430835,0.0240989,0.0036616,0.0022487,0.00047959,0.00018109
VFID1953,,206.32979,41.71247,2.0,0.0059,0.0059,0.0002,0.0064,0.0055,0.0182,0.0068,0.0068,0.0002,0.0075,0.0064,0.0212,,0.048616,0.0483799999999999,0.0189626,0.0127735,0.0071449,0.0010856,0.0006667,0.00014219,5.369e-05,0.056032,0.0557599999999999,0.0218551999999999,0.0147219999999999,0.0082348,0.0012511999999999,0.0007684,0.0001638799999999,6.188e-05,0.2,0.2,0.0218551999999999,0.0147219999999999,0.0082348,0.0012511999999999,0.0007684,0.0001638799999999,6.188e-05
VFID1999,,190.46965,41.27387,2.0,0.0158,0.0159,0.0008,0.0174,0.0142,0.0491,0.0184,0.0185,0.0009,0.0202,0.0166,0.0571,,0.130192,0.12956,0.0507812,0.034207,0.0191338,0.0029072,0.0017854,0.00038078,0.00014378,0.151616,0.15088,0.0591376,0.039836,0.0222824,0.0033856,0.0020792,0.0004434399999999,0.00016744,0.2,0.2,0.0591376,0.039836,0.0222824,0.0033856,0.0020792,0.0004434399999999,0.00016744
VFID2068,,208.43985,40.33869,2.0,0.009,0.0089,0.001,0.011,0.0071,0.0278,0.0104,0.0104,0.0012,0.0128,0.0082,0.0323,,0.0741599999999999,0.0737999999999999,0.0289259999999999,0.019485,0.010899,0.001656,0.001017,0.0002169,8.19e-05,0.085696,0.08528,0.0334256,0.0225159999999999,0.0125944,0.0019136,0.0011752,0.00025064,9.464e-05,0.2,0.2,0.0334256,0.0225159999999999,0.0125944,0.0019136,0.0011752,0.00025064,9.464e-05
VFID2143,,215.17965,39.69359,2.0,0.0112,0.011,0.0007,0.0127,0.0094,0.0346,0.013,0.0128,0.0008,0.0147,0.0109,0.0402,,0.092288,0.0918399999999999,0.0359968,0.024248,0.0135632,0.0020608,0.0012656,0.00026992,0.00010192,0.1071199999999999,0.1065999999999999,0.041782,0.028145,0.015743,0.002392,0.001469,0.0003132999999999,0.0001183,0.2,0.2,0.041782,0.028145,0.015743,0.002392,0.001469,0.0003132999999999,0.0001183
VFID2157,,216.33764,39.53949,2.0,0.0087,0.0083,0.0006,0.0093,0.0072,0.0269,0.0101,0.0097,0.0007,0.0109,0.0084,0.0313,,0.071688,0.0713399999999999,0.0279618,0.0188354999999999,0.0105357,0.0016007999999999,0.0009831,0.00020967,7.917e-05,0.0832239999999999,0.0828199999999999,0.0324614,0.0218665,0.0122311,0.0018583999999999,0.0011413,0.00024341,9.191e-05,0.2,0.2,0.0324614,0.0218665,0.0122311,0.0018583999999999,0.0011413,0.00024341,9.191e-05
VFID2254,,206.93739,38.30458,2.0,0.012,0.012,0.0006,0.0136,0.0111,0.0371,0.0139,0.0139,0.0007,0.0158,0.0129,0.0431,,0.09888,0.0983999999999999,0.038568,0.02598,0.014532,0.002208,0.001356,0.0002892,0.0001092,0.114536,0.1139799999999999,0.0446745999999999,0.0300935,0.0168329,0.0025575999999999,0.0015707,0.0003349899999999,0.00012649,0.2,0.2,0.0446745999999999,0.0300935,0.0168329,0.0025575999999999,0.0015707,0.0003349899999999,0.00012649
VFID2313,,159.0677,37.32465,2.0,0.0168,0.0168,0.0002,0.0176,0.0164,0.052,0.0195,0.0195,0.0003,0.0204,0.019,0.0605,,0.138432,0.1377599999999999,0.0539951999999999,0.036372,0.0203448,0.0030911999999999,0.0018984,0.00040488,0.0001528799999999,0.16068,0.1599,0.0626729999999999,0.0422175,0.0236145,0.003588,0.0022035,0.00046995,0.00017745,0.2,0.2,0.0626729999999999,0.0422175,0.0236145,0.003588,0.0022035,0.00046995,0.00017745
VFID2324,,139.99175,37.19122,2.0,0.0107,0.0108,0.0002,0.0113,0.0101,0.0333,0.0125,0.0125,0.0003,0.0131,0.0118,0.0387,,0.088168,0.0877399999999999,0.0343898,0.0231655,0.0129577,0.0019687999999999,0.0012091,0.00025787,9.737e-05,0.103,0.1025,0.040175,0.0270625,0.0151375,0.0023,0.0014125,0.00030125,0.00011375,0.2,0.2,0.040175,0.0270625,0.0151375,0.0023,0.0014125,0.00030125,0.00011375
VFID2372,,175.32773,36.54677,2.0,0.0163,0.0163,0.0001,0.0165,0.0162,0.0507,0.019,0.019,0.0001,0.0192,0.0188,0.0589,,0.134312,0.1336599999999999,0.0523881999999999,0.0352894999999999,0.0197392999999999,0.0029991999999999,0.0018418999999999,0.0003928299999999,0.0001483299999999,0.15656,0.1558,0.0610659999999999,0.041135,0.023009,0.003496,0.002147,0.0004578999999999,0.0001729,0.2,0.2,0.0610659999999999,0.041135,0.023009,0.003496,0.002147,0.0004578999999999,0.0001729
VFID2387,,174.13904,36.41031,2.0,0.0219,0.0188,0.0016,0.0219,0.0153,0.0678,0.0254,0.0218,0.0019,0.0254,0.0178,0.0789,,0.180456,0.17958,0.0703866,0.0474135,0.0265209,0.0040295999999999,0.0024747,0.00052779,0.00019929,0.209296,0.2082799999999999,0.0816356,0.054991,0.0307594,0.0046736,0.0028702,0.00061214,0.00023114,0.2,0.2,0.0816356,0.054991,0.0307594,0.0046736,0.0028702,0.00061214,0.00023114
VFID2498,,158.62424,35.25673,2.0,0.0229,0.0217,0.0013,0.0236,0.0189,0.0711,0.0267,0.0253,0.0016,0.0275,0.022,0.0827,,0.188696,0.1877799999999999,0.0736006,0.0495785,0.0277319,0.0042136,0.0025877,0.00055189,0.00020839,0.220008,0.21894,0.0858138,0.0578055,0.0323337,0.0049128,0.0030171,0.00064347,0.00024297,0.2,0.2,0.0858138,0.0578055,0.0323337,0.0049128,0.0030171,0.00064347,0.00024297
VFID2535,,194.75769,34.86068,2.0,0.0092,0.0092,0.0004,0.0101,0.0084,0.0285,0.0107,0.0107,0.0005,0.0118,0.0098,0.0331,,0.075808,0.07544,0.0295688,0.019918,0.0111412,0.0016928,0.0010396,0.0002217199999999,8.372e-05,0.088168,0.0877399999999999,0.0343898,0.0231655,0.0129577,0.0019687999999999,0.0012091,0.00025787,9.737e-05,0.2,0.2,0.0343898,0.0231655,0.0129577,0.0019687999999999,0.0012091,0.00025787,9.737e-05
VFID2544,,162.10341,34.7114,2.0,0.0176,0.0173,0.0003,0.0176,0.0164,0.0546,0.0205,0.0202,0.0004,0.0205,0.0191,0.0635,,0.145024,0.14432,0.0565664,0.038104,0.0213136,0.0032384,0.0019888,0.00042416,0.00016016,0.16892,0.1681,0.065887,0.0443825,0.0248255,0.003772,0.0023165,0.00049405,0.00018655,0.2,0.2,0.065887,0.0443825,0.0248255,0.003772,0.0023165,0.00049405,0.00018655
VFID2620,,208.32416,33.49082,2.0,0.0179,0.0178,0.0006,0.0188,0.0164,0.0556,0.0208,0.0207,0.0007,0.0218,0.019,0.0646,,0.147496,0.14678,0.0575305999999999,0.0387534999999999,0.0216769,0.0032936,0.0020227,0.00043139,0.00016289,0.171392,0.17056,0.0668512,0.0450319999999999,0.0251888,0.0038272,0.0023504,0.00050128,0.00018928,0.2,0.2,0.0668512,0.0450319999999999,0.0251888,0.0038272,0.0023504,0.00050128,0.00018928
VFID2665,,162.47948,32.99082,2.0,0.0213,0.0213,0.0004,0.0223,0.0206,0.0659,0.0247,0.0248,0.0005,0.0259,0.0239,0.0767,,0.175512,0.1746599999999999,0.0684582,0.0461145,0.0257943,0.0039191999999999,0.0024069,0.00051333,0.00019383,0.203528,0.2025399999999999,0.0793857999999999,0.0534755,0.0299117,0.0045448,0.0027911,0.00059527,0.00022477,0.2,0.2,0.0793857999999999,0.0534755,0.0299117,0.0045448,0.0027911,0.00059527,0.00022477
VFID2667,,162.45879,32.98283,2.0,0.0213,0.0216,0.0007,0.0244,0.0208,0.0661,0.0248,0.0251,0.0008,0.0283,0.0242,0.0769,,0.175512,0.1746599999999999,0.0684582,0.0461145,0.0257943,0.0039191999999999,0.0024069,0.00051333,0.00019383,0.204352,0.2033599999999999,0.0797071999999999,0.053692,0.0300328,0.0045632,0.0028024,0.00059768,0.00022568,0.2,0.2,0.0797071999999999,0.053692,0.0300328,0.0045632,0.0028024,0.00059768,0.00022568
VFID2670,,163.04752,32.95042,2.0,0.0203,0.0201,0.0002,0.0203,0.0194,0.0629,0.0236,0.0233,0.0003,0.0236,0.0225,0.0732,,0.167272,0.1664599999999999,0.0652441999999999,0.0439494999999999,0.0245833,0.0037351999999999,0.0022938999999999,0.00048923,0.00018473,0.194464,0.1935199999999999,0.0758504,0.051094,0.0285796,0.0043424,0.0026668,0.00056876,0.00021476,0.2,0.2,0.0758504,0.051094,0.0285796,0.0043424,0.0026668,0.00056876,0.00021476
VFID2677,,162.94331,32.90031,2.0,0.0201,0.02,0.0003,0.0203,0.019,0.0623,0.0234,0.0232,0.0003,0.0236,0.0221,0.0724,,0.165624,0.16482,0.0646014,0.0435165,0.0243411,0.0036983999999999,0.0022713,0.00048441,0.00018291,0.192816,0.19188,0.0752076,0.050661,0.0283374,0.0043056,0.0026442,0.00056394,0.00021294,0.2,0.2,0.0752076,0.050661,0.0283374,0.0043056,0.0026442,0.00056394,0.00021294
VFID2723,,179.37693,32.33425,2.0,0.0188,0.0189,0.0002,0.0195,0.0185,0.0584,0.0219,0.022,0.0002,0.0227,0.0215,0.0679,,0.154912,0.15416,0.0604232,0.040702,0.0227668,0.0034592,0.0021244,0.00045308,0.00017108,0.180456,0.17958,0.0703866,0.0474135,0.0265209,0.0040295999999999,0.0024747,0.00052779,0.00019929,0.2,0.2,0.0703866,0.0474135,0.0265209,0.0040295999999999,0.0024747,0.00052779,0.00019929
VFID2727,,179.40362,32.27767,2.0,0.0188,0.0188,0.0001,0.019,0.0183,0.0583,0.0219,0.0218,0.0002,0.0221,0.0213,0.0678,,0.154912,0.15416,0.0604232,0.040702,0.0227668,0.0034592,0.0021244,0.00045308,0.00017108,0.180456,0.17958,0.0703866,0.0474135,0.0265209,0.0040295999999999,0.0024747,0.00052779,0.00019929,0.2,0.2,0.0703866,0.0474135,0.0265209,0.0040295999999999,0.0024747,0.00052779,0.00019929
VFID2760,,174.9358,31.93124,2.0,0.0204,0.0205,0.0002,0.0208,0.0202,0.0632,0.0237,0.0238,0.0002,0.0241,0.0235,0.0735,,0.168096,0.1672799999999999,0.0655656,0.044166,0.0247044,0.0037536,0.0023052,0.00049164,0.00018564,0.195288,0.1943399999999999,0.0761718,0.0513104999999999,0.0287007,0.0043608,0.0026781,0.00057117,0.00021567,0.2,0.2,0.0761718,0.0513104999999999,0.0287007,0.0043608,0.0026781,0.00057117,0.00021567
VFID2764,,174.92675,31.90713,2.0,0.0205,0.0205,0.0002,0.0209,0.0203,0.0636,0.0239,0.0239,0.0002,0.0243,0.0235,0.0739,,0.16892,0.1681,0.065887,0.0443825,0.0248255,0.003772,0.0023165,0.00049405,0.00018655,0.196936,0.19598,0.0768146,0.0517435,0.0289429,0.0043976,0.0027007,0.00057599,0.00021749,0.2,0.2,0.0768146,0.0517435,0.0289429,0.0043976,0.0027007,0.00057599,0.00021749
VFID2795,,186.0464,31.52191,2.0,0.0212,0.0195,0.0017,0.0222,0.0159,0.0659,0.0247,0.0227,0.0019,0.0258,0.0185,0.0766,,0.174688,0.17384,0.0681368,0.045898,0.0256732,0.0039008,0.0023956,0.00051092,0.00019292,0.203528,0.2025399999999999,0.0793857999999999,0.0534755,0.0299117,0.0045448,0.0027911,0.00059527,0.00022477,0.2,0.2,0.0793857999999999,0.0534755,0.0299117,0.0045448,0.0027911,0.00059527,0.00022477
VFID2881,,188.46306,30.27752,2.0,0.0197,0.0179,0.001,0.0197,0.0164,0.0611,0.0229,0.0209,0.0011,0.0229,0.019,0.0711,,0.162328,0.16154,0.0633157999999999,0.0426505,0.0238567,0.0036247999999999,0.0022261,0.0004747699999999,0.00017927,0.188696,0.1877799999999999,0.0736006,0.0495785,0.0277319,0.0042136,0.0025877,0.00055189,0.00020839,0.2,0.2,0.0736006,0.0495785,0.0277319,0.0042136,0.0025877,0.00055189,0.00020839
VFID3019,,156.75475,28.63935,2.0,0.0229,0.0226,0.0004,0.0234,0.0217,0.0711,0.0267,0.0263,0.0005,0.0272,0.0252,0.0827,,0.188696,0.1877799999999999,0.0736006,0.0495785,0.0277319,0.0042136,0.0025877,0.00055189,0.00020839,0.220008,0.21894,0.0858138,0.0578055,0.0323337,0.0049128,0.0030171,0.00064347,0.00024297,0.2,0.2,0.0858138,0.0578055,0.0323337,0.0049128,0.0030171,0.00064347,0.00024297
VFID3026,,162.0507,28.60181,2.0,0.0217,0.0216,0.0006,0.0226,0.0206,0.0672,0.0252,0.0251,0.0007,0.0263,0.0239,0.0781,,0.178808,0.17794,0.0697438,0.0469805,0.0262787,0.0039928,0.0024521,0.00052297,0.00019747,0.207648,0.20664,0.0809928,0.054558,0.0305172,0.0046368,0.0028476,0.00060732,0.00022932,0.2,0.2,0.0809928,0.054558,0.0305172,0.0046368,0.0028476,0.00060732,0.00022932
VFID3084,,166.01227,28.03679,2.0,0.0242,0.0242,0.0004,0.0252,0.0233,0.075,0.0282,0.0281,0.0005,0.0293,0.027,0.0873,,0.199408,0.1984399999999999,0.0777788,0.052393,0.0293062,0.0044528,0.0027346,0.00058322,0.00022022,0.232368,0.2312399999999999,0.0906348,0.061053,0.0341502,0.0051887999999999,0.0031866,0.00067962,0.00025662,0.2,0.2,0.0906348,0.061053,0.0341502,0.0051887999999999,0.0031866,0.00067962,0.00025662
VFID3105,,162.81606,27.84875,2.0,0.0204,0.0195,0.0019,0.0222,0.0161,0.0634,0.0238,0.0226,0.0022,0.0258,0.0187,0.0737,,0.168096,0.1672799999999999,0.0655656,0.044166,0.0247044,0.0037536,0.0023052,0.00049164,0.00018564,0.196112,0.19516,0.0764932,0.051527,0.0288218,0.0043792,0.0026894,0.00057358,0.00021658,0.2,0.2,0.0764932,0.051527,0.0288218,0.0043792,0.0026894,0.00057358,0.00021658
VFID3156,,163.5872,27.2399,2.0,0.0188,0.0186,0.0006,0.0195,0.017,0.0582,0.0218,0.0217,0.0007,0.0226,0.0198,0.0677,,0.154912,0.15416,0.0604232,0.040702,0.0227668,0.0034592,0.0021244,0.00045308,0.00017108,0.179632,0.1787599999999999,0.0700652,0.047197,0.0263998,0.0040111999999999,0.0024634,0.00052538,0.00019838,0.2,0.2,0.0700652,0.047197,0.0263998,0.0040111999999999,0.0024634,0.00052538,0.00019838
VFID3174,,170.13253,26.96335,2.0,0.0158,0.0158,0.0001,0.0161,0.0155,0.0491,0.0184,0.0184,0.0001,0.0187,0.0181,0.0571,,0.130192,0.12956,0.0507812,0.034207,0.0191338,0.0029072,0.0017854,0.00038078,0.00014378,0.151616,0.15088,0.0591376,0.039836,0.0222824,0.0033856,0.0020792,0.0004434399999999,0.00016744,0.2,0.2,0.0591376,0.039836,0.0222824,0.0033856,0.0020792,0.0004434399999999,0.00016744
VFID3221,,158.92522,26.12588,2.0,0.0198,0.0192,0.0007,0.0202,0.0179,0.0614,0.023,0.0223,0.0008,0.0234,0.0208,0.0714,,0.163152,0.16236,0.0636372,0.042867,0.0239778,0.0036432,0.0022374,0.00047718,0.00018018,0.18952,0.1886,0.073922,0.049795,0.027853,0.004232,0.002599,0.0005543,0.0002093,0.2,0.2,0.073922,0.049795,0.027853,0.004232,0.002599,0.0005543,0.0002093
VFID3253,,192.94073,25.7762,2.0,0.009,0.0089,0.0003,0.0096,0.0084,0.0279,0.0104,0.0104,0.0003,0.0112,0.0098,0.0324,,0.0741599999999999,0.0737999999999999,0.0289259999999999,0.019485,0.010899,0.001656,0.001017,0.0002169,8.19e-05,0.085696,0.08528,0.0334256,0.0225159999999999,0.0125944,0.0019136,0.0011752,0.00025064,9.464e-05,0.2,0.2,0.0334256,0.0225159999999999,0.0125944,0.0019136,0.0011752,0.00025064,9.464e-05
VFID3300,,155.23807,25.36492,2.0,0.0198,0.0198,0.0002,0.0204,0.0194,0.0613,0.023,0.023,0.0003,0.0237,0.0225,0.0713,,0.163152,0.16236,0.0636372,0.042867,0.0239778,0.0036432,0.0022374,0.00047718,0.00018018,0.18952,0.1886,0.073922,0.049795,0.027853,0.004232,0.002599,0.0005543,0.0002093,0.2,0.2,0.073922,0.049795,0.027853,0.004232,0.002599,0.0005543,0.0002093
VFID3459,,163.1489,22.93414,2.0,0.016,0.0159,0.0002,0.0163,0.0157,0.0496,0.0186,0.0185,0.0002,0.019,0.0182,0.0577,,0.13184,0.1311999999999999,0.051424,0.03464,0.019376,0.002944,0.001808,0.0003856,0.0001456,0.1532639999999999,0.1525199999999999,0.0597804,0.040269,0.0225246,0.0034223999999999,0.0021018,0.0004482599999999,0.00016926,0.2,0.2,0.0597804,0.040269,0.0225246,0.0034223999999999,0.0021018,0.0004482599999999,0.00016926
VFID3502,,184.39181,22.54026,2.0,0.0251,0.024,0.0013,0.0264,0.0217,0.0778,0.0292,0.0279,0.0015,0.0307,0.0252,0.0904,,0.206824,0.2058199999999999,0.0806714,0.0543415,0.0303961,0.0046184,0.0028363,0.00060491,0.00022841,0.240608,0.23944,0.0938488,0.063218,0.0353612,0.0053728,0.0032996,0.00070372,0.00026572,0.2,0.2,0.0938488,0.063218,0.0353612,0.0053728,0.0032996,0.00070372,0.00026572
VFID3564,,158.69708,21.64827,2.0,0.0198,0.0197,0.0002,0.0201,0.0192,0.0614,0.023,0.0229,0.0002,0.0234,0.0223,0.0713,,0.163152,0.16236,0.0636372,0.042867,0.0239778,0.0036432,0.0022374,0.00047718,0.00018018,0.18952,0.1886,0.073922,0.049795,0.027853,0.004232,0.002599,0.0005543,0.0002093,0.2,0.2,0.073922,0.049795,0.027853,0.004232,0.002599,0.0005543,0.0002093
VFID3654,,172.31372,20.58319,2.0,0.0177,0.0174,0.0012,0.0192,0.0152,0.0549,0.0206,0.0202,0.0014,0.0223,0.0177,0.0638,,0.145848,0.14514,0.0568878,0.0383205,0.0214347,0.0032568,0.0020001,0.00042657,0.00016107,0.169744,0.16892,0.0662084,0.044599,0.0249466,0.0037904,0.0023278,0.00049646,0.00018746,0.2,0.2,0.0662084,0.044599,0.0249466,0.0037904,0.0023278,0.00049646,0.00018746
VFID3757,,189.03392,19.32267,2.0,0.0226,0.0226,0.0002,0.023,0.0221,0.0702,0.0263,0.0262,0.0002,0.0267,0.0257,0.0816,,0.186224,0.1853199999999999,0.0726363999999999,0.048929,0.0273686,0.0041584,0.0025537999999999,0.00054466,0.00020566,0.216712,0.21566,0.0845282,0.0569395,0.0318493,0.0048392,0.0029719,0.00063383,0.00023933,0.2,0.2,0.0845282,0.0569395,0.0318493,0.0048392,0.0029719,0.00063383,0.00023933
VFID3822,,187.11381,18.41508,2.0,0.0278,0.0266,0.0015,0.0291,0.0233,0.0862,0.0323,0.0309,0.0018,0.0339,0.0271,0.1002,,0.229072,0.2279599999999999,0.0893491999999999,0.060187,0.0336658,0.0051151999999999,0.0031414,0.0006699799999999,0.00025298,0.266152,0.26486,0.1038122,0.0699295,0.0391153,0.0059432,0.0036499,0.00077843,0.00029393,0.2,0.2,0.1038122,0.0699295,0.0391153,0.0059432,0.0036499,0.00077843,0.00029393
VFID3884,,236.74535,17.88422,2.0,0.029,0.029,0.0006,0.0301,0.0276,0.0899,0.0337,0.0337,0.0007,0.035,0.0321,0.1045,,0.23896,0.2377999999999999,0.093206,0.062785,0.035119,0.005336,0.003277,0.0006989,0.0002639,0.277688,0.27634,0.1083118,0.0729605,0.0408107,0.0062008,0.0038081,0.00081217,0.00030667,0.2,0.2,0.1083118,0.0729605,0.0408107,0.0062008,0.0038081,0.00081217,0.00030667
VFID3891,,170.93973,17.81866,2.0,0.0166,0.0166,0.0002,0.0169,0.0161,0.0515,0.0193,0.0192,0.0002,0.0197,0.0187,0.0599,,0.136784,0.13612,0.0533524,0.035939,0.0201026,0.0030544,0.0018758,0.00040006,0.00015106,0.159032,0.1582599999999999,0.0620302,0.0417845,0.0233723,0.0035512,0.0021809,0.00046513,0.00017563,0.2,0.2,0.0620302,0.0417845,0.0233723,0.0035512,0.0021809,0.00046513,0.00017563
VFID3958,,161.76683,17.27366,2.0,0.0265,0.0264,0.0004,0.0271,0.0252,0.0821,0.0308,0.0306,0.0005,0.0315,0.0292,0.0955,,0.21836,0.2172999999999999,0.085171,0.0573725,0.0320915,0.004876,0.0029945,0.0006386499999999,0.00024115,0.253792,0.25256,0.0989912,0.066682,0.0372988,0.0056672,0.0034804,0.00074228,0.00028028,0.2,0.2,0.0989912,0.066682,0.0372988,0.0056672,0.0034804,0.00074228,0.00028028
VFID3961,,168.61389,17.26007,2.0,0.013,0.0131,0.0001,0.0134,0.013,0.0404,0.0152,0.0153,0.0001,0.0155,0.0151,0.047,,0.1071199999999999,0.1065999999999999,0.041782,0.028145,0.015743,0.002392,0.001469,0.0003132999999999,0.0001183,0.125248,0.1246399999999999,0.0488528,0.032908,0.0184072,0.0027968,0.0017176,0.00036632,0.00013832,0.2,0.2,0.0488528,0.032908,0.0184072,0.0027968,0.0017176,0.00036632,0.00013832
VFID3966,,171.93314,17.22412,2.0,0.0209,0.0209,0.0004,0.0216,0.0201,0.0648,0.0243,0.0243,0.0004,0.0252,0.0233,0.0753,,0.1722159999999999,0.1713799999999999,0.0671726,0.0452485,0.0253099,0.0038456,0.0023617,0.00050369,0.00019019,0.200232,0.1992599999999999,0.0781002,0.0526095,0.0294273,0.0044712,0.0027459,0.00058563,0.00022113,0.2,0.2,0.0781002,0.0526095,0.0294273,0.0044712,0.0027459,0.00058563,0.00022113
VFID3979,,187.12298,17.0849,2.0,0.024,0.0239,0.0004,0.0247,0.0229,0.0744,0.0279,0.0278,0.0004,0.0287,0.0266,0.0866,,0.19776,0.1967999999999999,0.077136,0.05196,0.029064,0.004416,0.002712,0.0005784,0.0002184,0.229896,0.2287799999999999,0.0896706,0.0604035,0.0337869,0.0051336,0.0031527,0.00067239,0.00025389,0.2,0.2,0.0896706,0.0604035,0.0337869,0.0051336,0.0031527,0.00067239,0.00025389
VFID3980,,171.7966,17.03021,2.0,0.0222,0.0222,0.0003,0.0225,0.0212,0.0689,0.0259,0.0258,0.0003,0.0261,0.0247,0.0801,,0.182928,0.1820399999999999,0.0713508,0.048063,0.0268842,0.0040848,0.0025086,0.00053502,0.00020202,0.213416,0.2123799999999999,0.0832426,0.0560735,0.0313649,0.0047656,0.0029267,0.0006241899999999,0.00023569,0.2,0.2,0.0832426,0.0560735,0.0313649,0.0047656,0.0029267,0.0006241899999999,0.00023569
VFID3985,,172.03921,16.92044,2.0,0.0225,0.0229,0.0011,0.0254,0.0213,0.0697,0.0261,0.0266,0.0012,0.0295,0.0248,0.0811,,0.1854,0.1844999999999999,0.0723149999999999,0.0487125,0.0272475,0.00414,0.0025425,0.00054225,0.00020475,0.215064,0.21402,0.0838854,0.0565065,0.0316071,0.0048024,0.0029493,0.00062901,0.00023751,0.2,0.2,0.0838854,0.0565065,0.0316071,0.0048024,0.0029493,0.00062901,0.00023751
VFID3993,,171.6242,16.86329,2.0,0.0225,0.0226,0.0001,0.0229,0.0225,0.0698,0.0262,0.0263,0.0001,0.0266,0.0261,0.0812,,0.1854,0.1844999999999999,0.0723149999999999,0.0487125,0.0272475,0.00414,0.0025425,0.00054225,0.00020475,0.215888,0.21484,0.0842068,0.056723,0.0317282,0.0048208,0.0029606,0.00063142,0.00023842,0.2,0.2,0.0842068,0.056723,0.0317282,0.0048208,0.0029606,0.00063142,0.00023842
VFID3994,,187.91476,16.85279,2.0,0.0252,0.0251,0.0004,0.0257,0.0239,0.078,0.0293,0.0291,0.0005,0.0299,0.0278,0.0907,,0.207648,0.20664,0.0809928,0.054558,0.0305172,0.0046368,0.0028476,0.00060732,0.00022932,0.241432,0.2402599999999999,0.0941702,0.0634345,0.0354823,0.0053912,0.0033109,0.00070613,0.00026663,0.2,0.2,0.0941702,0.0634345,0.0354823,0.0053912,0.0033109,0.00070613,0.00026663
VFID4016,,188.01363,16.6877,2.0,0.025,0.0245,0.0016,0.0267,0.0215,0.0775,0.0291,0.0285,0.0019,0.0311,0.025,0.0901,,0.206,0.205,0.08035,0.054125,0.030275,0.0046,0.002825,0.0006025,0.0002275,0.239784,0.23862,0.0935274,0.0630015,0.0352401,0.0053544,0.0032883,0.00070131,0.00026481,0.2,0.2,0.0935274,0.0630015,0.0352401,0.0053544,0.0032883,0.00070131,0.00026481
VFID4029,,170.72756,16.5902,2.0,0.0218,0.0218,0.0003,0.0224,0.0212,0.0677,0.0254,0.0254,0.0003,0.0261,0.0246,0.0787,,0.179632,0.1787599999999999,0.0700652,0.047197,0.0263998,0.0040111999999999,0.0024634,0.00052538,0.00019838,0.209296,0.2082799999999999,0.0816356,0.054991,0.0307594,0.0046736,0.0028702,0.00061214,0.00023114,0.2,0.2,0.0816356,0.054991,0.0307594,0.0046736,0.0028702,0.00061214,0.00023114
VFID4046,,186.35619,16.46997,2.0,0.0203,0.0204,0.0003,0.0211,0.02,0.0631,0.0237,0.0237,0.0003,0.0246,0.0233,0.0733,,0.167272,0.1664599999999999,0.0652441999999999,0.0439494999999999,0.0245833,0.0037351999999999,0.0022938999999999,0.00048923,0.00018473,0.195288,0.1943399999999999,0.0761718,0.0513104999999999,0.0287007,0.0043608,0.0026781,0.00057117,0.00021567,0.2,0.2,0.0761718,0.0513104999999999,0.0287007,0.0043608,0.0026781,0.00057117,0.00021567
VFID4051,,186.34006,16.42976,2.0,0.0205,0.0207,0.0004,0.0216,0.0201,0.0635,0.0238,0.0241,0.0005,0.0251,0.0234,0.0739,,0.16892,0.1681,0.065887,0.0443825,0.0248255,0.003772,0.0023165,0.00049405,0.00018655,0.196112,0.19516,0.0764932,0.051527,0.0288218,0.0043792,0.0026894,0.00057358,0.00021658,0.2,0.2,0.0764932,0.051527,0.0288218,0.0043792,0.0026894,0.00057358,0.00021658
VFID4057,,190.92775,16.39351,2.0,0.0231,0.0231,0.0005,0.0246,0.022,0.0716,0.0269,0.0268,0.0006,0.0287,0.0256,0.0833,,0.1903439999999999,0.1894199999999999,0.0742434,0.0500115,0.0279741,0.0042504,0.0026103,0.00055671,0.00021021,0.221656,0.2205799999999999,0.0864566,0.0582385,0.0325759,0.0049496,0.0030397,0.00064829,0.00024479,0.2,0.2,0.0864566,0.0582385,0.0325759,0.0049496,0.0030397,0.00064829,0.00024479
VFID4092,,180.89991,16.0555,2.0,0.0258,0.0256,0.0005,0.0265,0.0246,0.0799,0.03,0.0298,0.0006,0.0308,0.0286,0.0929,,0.212592,0.2115599999999999,0.0829212,0.055857,0.0312438,0.0047472,0.0029154,0.0006217799999999,0.00023478,0.2472,0.2459999999999999,0.0964199999999999,0.06495,0.03633,0.00552,0.00339,0.000723,0.000273,0.2,0.2,0.0964199999999999,0.06495,0.03633,0.00552,0.00339,0.000723,0.000273
VFID4115,,193.18433,15.84777,2.0,0.0224,0.0223,0.0007,0.0238,0.0209,0.0695,0.0261,0.0259,0.0008,0.0277,0.0243,0.0808,,0.184576,0.1836799999999999,0.0719936,0.048496,0.0271264,0.0041216,0.0025312,0.00053984,0.00020384,0.215064,0.21402,0.0838854,0.0565065,0.0316071,0.0048024,0.0029493,0.00062901,0.00023751,0.2,0.2,0.0838854,0.0565065,0.0316071,0.0048024,0.0029493,0.00062901,0.00023751
VFID4119,,185.72867,15.82225,2.0,0.0225,0.0228,0.0003,0.0234,0.0225,0.0698,0.0262,0.0265,0.0003,0.0272,0.0262,0.0811,,0.1854,0.1844999999999999,0.0723149999999999,0.0487125,0.0272475,0.00414,0.0025425,0.00054225,0.00020475,0.215888,0.21484,0.0842068,0.056723,0.0317282,0.0048208,0.0029606,0.00063142,0.00023842,0.2,0.2,0.0842068,0.056723,0.0317282,0.0048208,0.0029606,0.00063142,0.00023842
VFID4135,,186.49624,15.67082,2.0,0.0224,0.0224,0.0002,0.0229,0.0219,0.0695,0.0261,0.026,0.0003,0.0267,0.0254,0.0808,,0.184576,0.1836799999999999,0.0719936,0.048496,0.0271264,0.0041216,0.0025312,0.00053984,0.00020384,0.215064,0.21402,0.0838854,0.0565065,0.0316071,0.0048024,0.0029493,0.00062901,0.00023751,0.2,0.2,0.0838854,0.0565065,0.0316071,0.0048024,0.0029493,0.00062901,0.00023751
VFID4143,,188.71178,15.55133,2.0,0.0297,0.0294,0.0016,0.0322,0.026,0.0921,0.0346,0.0342,0.0018,0.0374,0.0302,0.1071,,0.244728,0.2435399999999999,0.0954558,0.0643005,0.0359667,0.0054648,0.0033561,0.00071577,0.00027027,0.285104,0.2837199999999999,0.1112044,0.074909,0.0419006,0.0063663999999999,0.0039098,0.00083386,0.00031486,0.2,0.2,0.1112044,0.074909,0.0419006,0.0063663999999999,0.0039098,0.00083386,0.00031486
VFID4164,,188.48616,15.35472,2.0,0.0324,0.0313,0.0011,0.0325,0.0286,0.1005,0.0377,0.0364,0.0013,0.0378,0.0333,0.1168,,0.266976,0.2656799999999999,0.1041335999999999,0.070146,0.0392364,0.0059615999999999,0.0036612,0.00078084,0.00029484,0.310648,0.3091399999999999,0.1211677999999999,0.0816205,0.0456547,0.0069367999999999,0.0042601,0.0009085699999999,0.00034307,0.2,0.2,0.1211677999999999,0.0816205,0.0456547,0.0069367999999999,0.0042601,0.0009085699999999,0.00034307
VFID4165,,175.05627,15.34233,2.0,0.0267,0.0267,0.0002,0.0272,0.0264,0.0826,0.031,0.0311,0.0002,0.0316,0.0307,0.0961,,0.220008,0.21894,0.0858138,0.0578055,0.0323337,0.0049128,0.0030171,0.00064347,0.00024297,0.25544,0.2542,0.099634,0.067115,0.037541,0.005704,0.003503,0.0007471,0.0002821,0.2,0.2,0.099634,0.067115,0.037541,0.005704,0.003503,0.0007471,0.0002821
VFID4168,,184.2976,15.3239,2.0,0.0258,0.0257,0.0002,0.0261,0.0252,0.08,0.03,0.0299,0.0003,0.0303,0.0293,0.093,,0.212592,0.2115599999999999,0.0829212,0.055857,0.0312438,0.0047472,0.0029154,0.0006217799999999,0.00023478,0.2472,0.2459999999999999,0.0964199999999999,0.06495,0.03633,0.00552,0.00339,0.000723,0.000273,0.2,0.2,0.0964199999999999,0.06495,0.03633,0.00552,0.00339,0.000723,0.000273
VFID4170,,189.96616,15.29773,2.0,0.0316,0.0314,0.0008,0.0334,0.0297,0.0979,0.0367,0.0365,0.0009,0.0388,0.0345,0.1139,,0.260384,0.25912,0.1015624,0.068414,0.0382676,0.0058144,0.0035708,0.00076156,0.00028756,0.302408,0.30094,0.1179538,0.0794555,0.0444437,0.0067528,0.0041471,0.00088447,0.00033397,0.2,0.2,0.1179538,0.0794555,0.0444437,0.0067528,0.0041471,0.00088447,0.00033397
VFID4177,,233.64638,15.19922,2.0,0.042,0.042,0.0004,0.043,0.0413,0.1303,0.0489,0.0488,0.0005,0.05,0.048,0.1515,,0.34608,0.3444,0.134988,0.09093,0.050862,0.007728,0.004746,0.0010122,0.0003822,0.402936,0.4009799999999999,0.1571646,0.1058685,0.0592179,0.0089976,0.0055257,0.00117849,0.00044499,0.2,0.2,0.1571646,0.1058685,0.0592179,0.0089976,0.0055257,0.00117849,0.00044499
VFID4179,,233.63498,15.19379,2.0,0.0419,0.0418,0.0004,0.0425,0.0413,0.13,0.0488,0.0486,0.0004,0.0494,0.048,0.1511,,0.345256,0.3435799999999999,0.1346666,0.0907135,0.0507409,0.0077096,0.0047347,0.00100979,0.00038129,0.402112,0.40016,0.1568432,0.105652,0.0590968,0.0089792,0.0055144,0.00117608,0.00044408,0.2,0.2,0.1568432,0.105652,0.0590968,0.0089792,0.0055144,0.00117608,0.00044408
VFID4183,,192.41154,15.16497,2.0,0.0253,0.0253,0.0005,0.0268,0.0246,0.0785,0.0294,0.0295,0.0005,0.0311,0.0286,0.0913,,0.208472,0.2074599999999999,0.0813142,0.0547745,0.0306383,0.0046552,0.0028589,0.00060973,0.00023023,0.242256,0.2410799999999999,0.0944916,0.063651,0.0356034,0.0054096,0.0033222,0.00070854,0.00026754,0.2,0.2,0.0944916,0.063651,0.0356034,0.0054096,0.0033222,0.00070854,0.00026754
VFID4188,,187.97824,15.12392,2.0,0.0264,0.0265,0.0004,0.0275,0.0257,0.0819,0.0307,0.0308,0.0004,0.032,0.0299,0.0953,,0.217536,0.2164799999999999,0.0848496,0.057156,0.0319704,0.0048576,0.0029832,0.00063624,0.00024024,0.252968,0.2517399999999999,0.0986698,0.0664655,0.0371777,0.0056488,0.0034691,0.00073987,0.00027937,0.2,0.2,0.0986698,0.0664655,0.0371777,0.0056488,0.0034691,0.00073987,0.00027937
VFID4194,,186.73521,15.04737,2.0,0.0284,0.0284,0.0002,0.0289,0.0277,0.088,0.033,0.033,0.0003,0.0337,0.0322,0.1023,,0.234016,0.23288,0.0912776,0.061486,0.0343924,0.0052256,0.0032092,0.00068444,0.00025844,0.27192,0.2706,0.106062,0.071445,0.039963,0.006072,0.003729,0.0007953,0.0003003,0.2,0.2,0.106062,0.071445,0.039963,0.006072,0.003729,0.0007953,0.0003003
VFID4203,,187.18026,14.99944,2.0,0.0317,0.0318,0.0009,0.0342,0.0307,0.0983,0.0369,0.037,0.0011,0.0398,0.0357,0.1143,,0.261208,0.2599399999999999,0.1018838,0.0686305,0.0383887,0.0058328,0.0035821,0.00076397,0.00028847,0.304056,0.30258,0.1185966,0.0798885,0.0446859,0.0067896,0.0041697,0.00088929,0.00033579,0.2,0.2,0.1185966,0.0798885,0.0446859,0.0067896,0.0041697,0.00088929,0.00033579
VFID4220,,165.00996,14.84153,2.0,0.0182,0.0181,0.0002,0.0184,0.0177,0.0564,0.0212,0.0211,0.0002,0.0214,0.0206,0.0656,,0.149968,0.1492399999999999,0.0584948,0.039403,0.0220402,0.0033488,0.0020566,0.00043862,0.00016562,0.174688,0.17384,0.0681368,0.045898,0.0256732,0.0039008,0.0023956,0.00051092,0.00019292,0.2,0.2,0.0681368,0.045898,0.0256732,0.0039008,0.0023956,0.00051092,0.00019292
VFID4226,,168.77589,14.78706,2.0,0.0233,0.0205,0.0022,0.0253,0.0188,0.0724,0.0272,0.0239,0.0026,0.0294,0.0219,0.0842,,0.191992,0.19106,0.0748862,0.0504445,0.0282163,0.0042872,0.0026329,0.00056153,0.00021203,0.224128,0.2230399999999999,0.0874207999999999,0.0588879999999999,0.0329392,0.0050047999999999,0.0030736,0.0006555199999999,0.00024752,0.2,0.2,0.0874207999999999,0.0588879999999999,0.0329392,0.0050047999999999,0.0030736,0.0006555199999999,0.00024752
VFID4282,,187.99706,14.42004,2.0,0.0327,0.0325,0.0004,0.033,0.0312,0.1013,0.038,0.0378,0.0004,0.0383,0.0362,0.1178,,0.269448,0.26814,0.1050978,0.0707955,0.0395997,0.0060168,0.0036951,0.00078807,0.00029757,0.31312,0.3116,0.1221319999999999,0.08227,0.046018,0.006992,0.004294,0.0009157999999999,0.0003458,0.2,0.2,0.1221319999999999,0.08227,0.046018,0.006992,0.004294,0.0009157999999999,0.0003458
VFID4283,,184.70673,14.41679,2.0,0.0334,0.0334,0.0002,0.0341,0.0329,0.1034,0.0388,0.0389,0.0003,0.0396,0.0382,0.1203,,0.275216,0.2738799999999999,0.1073476,0.072311,0.0404474,0.0061455999999999,0.0037742,0.00080494,0.00030394,0.319712,0.31816,0.1247032,0.084002,0.0469868,0.0071392,0.0043844,0.00093508,0.00035308,0.2,0.2,0.1247032,0.084002,0.0469868,0.0071392,0.0043844,0.00093508,0.00035308
VFID4291,,190.6556,14.35724,2.0,0.0242,0.0244,0.0006,0.026,0.0236,0.0751,0.0282,0.0284,0.0007,0.0303,0.0275,0.0873,,0.199408,0.1984399999999999,0.0777788,0.052393,0.0293062,0.0044528,0.0027346,0.00058322,0.00022022,0.232368,0.2312399999999999,0.0906348,0.061053,0.0341502,0.0051887999999999,0.0031866,0.00067962,0.00025662,0.2,0.2,0.0906348,0.061053,0.0341502,0.0051887999999999,0.0031866,0.00067962,0.00025662
VFID4311,,194.86271,14.17099,2.0,0.0239,0.0236,0.0008,0.0248,0.0217,0.074,0.0278,0.0274,0.001,0.0288,0.0252,0.086,,0.196936,0.19598,0.0768146,0.0517435,0.0289429,0.0043976,0.0027007,0.00057599,0.00021749,0.229072,0.2279599999999999,0.0893491999999999,0.060187,0.0336658,0.0051151999999999,0.0031414,0.0006699799999999,0.00025298,0.2,0.2,0.0893491999999999,0.060187,0.0336658,0.0051151999999999,0.0031414,0.0006699799999999,0.00025298
VFID4321,,180.29363,14.10403,2.0,0.0272,0.0272,0.0007,0.0284,0.0258,0.0845,0.0317,0.0317,0.0008,0.033,0.0299,0.0982,,0.224128,0.2230399999999999,0.0874207999999999,0.0588879999999999,0.0329392,0.0050047999999999,0.0030736,0.0006555199999999,0.00024752,0.261208,0.2599399999999999,0.1018838,0.0686305,0.0383887,0.0058328,0.0035821,0.00076397,0.00028847,0.2,0.2,0.1018838,0.0686305,0.0383887,0.0058328,0.0035821,0.00076397,0.00028847
VFID4334,,183.76862,14.02889,2.0,0.0321,0.0304,0.0012,0.0323,0.0271,0.0995,0.0373,0.0353,0.0014,0.0375,0.0316,0.1157,,0.2645039999999999,0.2632199999999999,0.1031694,0.0694964999999999,0.0388731,0.0059063999999999,0.0036272999999999,0.0007736099999999,0.00029211,0.307352,0.3058599999999999,0.1198822,0.0807545,0.0451703,0.0068632,0.0042149,0.00089893,0.00033943,0.2,0.2,0.1198822,0.0807545,0.0451703,0.0068632,0.0042149,0.00089893,0.00033943
VFID4353,,183.91388,13.90158,2.0,0.0285,0.0284,0.0004,0.029,0.0276,0.0882,0.0331,0.0331,0.0004,0.0338,0.0321,0.1026,,0.23484,0.2337,0.091599,0.0617025,0.0345135,0.005244,0.0032205,0.00068685,0.00025935,0.272744,0.2714199999999999,0.1063833999999999,0.0716614999999999,0.0400841,0.0060903999999999,0.0037403,0.00079771,0.00030121,0.2,0.2,0.1063833999999999,0.0716614999999999,0.0400841,0.0060903999999999,0.0037403,0.00079771,0.00030121
VFID4382,,191.93992,13.76263,2.0,0.0195,0.0197,0.0003,0.0207,0.019,0.0603,0.0226,0.0229,0.0004,0.024,0.0221,0.0702,,0.16068,0.1599,0.0626729999999999,0.0422175,0.0236145,0.003588,0.0022035,0.00046995,0.00017745,0.186224,0.1853199999999999,0.0726363999999999,0.048929,0.0273686,0.0041584,0.0025537999999999,0.00054466,0.00020566,0.2,0.2,0.0726363999999999,0.048929,0.0273686,0.0041584,0.0025537999999999,0.00054466,0.00020566
VFID4387,,160.53142,13.74699,2.0,0.0268,0.0268,0.0003,0.0272,0.0258,0.0831,0.0312,0.0311,0.0003,0.0316,0.03,0.0966,,0.220832,0.2197599999999999,0.0861352,0.058022,0.0324548,0.0049312,0.0030284,0.00064588,0.00024388,0.257088,0.2558399999999999,0.1002768,0.067548,0.0377832,0.0057408,0.0035256,0.00075192,0.00028392,0.2,0.2,0.1002768,0.067548,0.0377832,0.0057408,0.0035256,0.00075192,0.00028392
VFID4445,,183.44706,13.42496,2.0,0.0284,0.0283,0.0004,0.029,0.0275,0.088,0.033,0.0329,0.0005,0.0337,0.032,0.1023,,0.234016,0.23288,0.0912776,0.061486,0.0343924,0.0052256,0.0032092,0.00068444,0.00025844,0.27192,0.2706,0.106062,0.071445,0.039963,0.006072,0.003729,0.0007953,0.0003003,0.2,0.2,0.106062,0.071445,0.039963,0.006072,0.003729,0.0007953,0.0003003
VFID4450,,180.34866,13.40102,2.0,0.0247,0.0247,0.0002,0.0249,0.0243,0.0767,0.0288,0.0287,0.0002,0.029,0.0283,0.0891,,0.203528,0.2025399999999999,0.0793857999999999,0.0534755,0.0299117,0.0045448,0.0027911,0.00059527,0.00022477,0.237312,0.2361599999999999,0.0925632,0.062352,0.0348768,0.0052992,0.0032544,0.00069408,0.00026208,0.2,0.2,0.0925632,0.062352,0.0348768,0.0052992,0.0032544,0.00069408,0.00026208
VFID4453,,189.7672,13.36339,2.0,0.0307,0.0302,0.0007,0.0316,0.0288,0.0952,0.0357,0.0351,0.0009,0.0368,0.0334,0.1107,,0.252968,0.2517399999999999,0.0986698,0.0664655,0.0371777,0.0056488,0.0034691,0.00073987,0.00027937,0.294168,0.29274,0.1147398,0.0772905,0.0432327,0.0065688,0.0040341,0.00086037,0.00032487,0.2,0.2,0.1147398,0.0772905,0.0432327,0.0065688,0.0040341,0.00086037,0.00032487
VFID4464,,184.09446,13.30728,2.0,0.0271,0.027,0.0004,0.0277,0.026,0.084,0.0315,0.0314,0.0005,0.0323,0.0303,0.0977,,0.223304,0.2222199999999999,0.0870994,0.0586715,0.0328181,0.0049863999999999,0.0030623,0.0006531099999999,0.00024661,0.25956,0.2583,0.101241,0.0681975,0.0381465,0.005796,0.0035595,0.00075915,0.00028665,0.2,0.2,0.101241,0.0681975,0.0381465,0.005796,0.0035595,0.00075915,0.00028665
VFID4473,,190.71834,13.25724,2.0,0.0223,0.0223,0.0001,0.0226,0.022,0.0691,0.0259,0.0259,0.0002,0.0263,0.0255,0.0803,,0.183752,0.18286,0.0716722,0.0482795,0.0270053,0.0041032,0.0025199,0.00053743,0.00020293,0.213416,0.2123799999999999,0.0832426,0.0560735,0.0313649,0.0047656,0.0029267,0.0006241899999999,0.00023569,0.2,0.2,0.0832426,0.0560735,0.0313649,0.0047656,0.0029267,0.0006241899999999,0.00023569
VFID4479,,193.6841,13.23719,2.0,0.0307,0.0303,0.0005,0.0309,0.0291,0.0952,0.0357,0.0353,0.0006,0.0359,0.0338,0.1108,,0.252968,0.2517399999999999,0.0986698,0.0664655,0.0371777,0.0056488,0.0034691,0.00073987,0.00027937,0.294168,0.29274,0.1147398,0.0772905,0.0432327,0.0065688,0.0040341,0.00086037,0.00032487,0.2,0.2,0.1147398,0.0772905,0.0432327,0.0065688,0.0040341,0.00086037,0.00032487
VFID4496,,183.47331,13.17283,2.0,0.026,0.0259,0.0002,0.0264,0.0255,0.0805,0.0302,0.0302,0.0002,0.0307,0.0296,0.0936,,0.2142399999999999,0.2131999999999999,0.083564,0.05629,0.031486,0.004784,0.002938,0.0006265999999999,0.0002366,0.248848,0.24764,0.0970628,0.065383,0.0365722,0.0055568,0.0034126,0.00072782,0.00027482,0.2,0.2,0.0970628,0.065383,0.0365722,0.0055568,0.0034126,0.00072782,0.00027482
VFID4507,,190.98588,13.12652,2.0,0.0224,0.0224,0.0001,0.0226,0.0223,0.0693,0.026,0.0261,0.0001,0.0263,0.0259,0.0806,,0.184576,0.1836799999999999,0.0719936,0.048496,0.0271264,0.0041216,0.0025312,0.00053984,0.00020384,0.2142399999999999,0.2131999999999999,0.083564,0.05629,0.031486,0.004784,0.002938,0.0006265999999999,0.0002366,0.2,0.2,0.083564,0.05629,0.031486,0.004784,0.002938,0.0006265999999999,0.0002366
VFID4510,,186.53162,13.11313,2.0,0.0249,0.025,0.0002,0.0253,0.0247,0.0773,0.029,0.0291,0.0002,0.0294,0.0287,0.0899,,0.205176,0.2041799999999999,0.0800285999999999,0.0539085,0.0301539,0.0045816,0.0028136999999999,0.00060009,0.00022659,0.23896,0.2377999999999999,0.093206,0.062785,0.035119,0.005336,0.003277,0.0006989,0.0002639,0.2,0.2,0.093206,0.062785,0.035119,0.005336,0.003277,0.0006989,0.0002639
VFID4723,,187.70636,12.39052,2.0,0.0197,0.0196,0.0006,0.0204,0.0184,0.0612,0.023,0.0227,0.0007,0.0238,0.0214,0.0712,,0.162328,0.16154,0.0633157999999999,0.0426505,0.0238567,0.0036247999999999,0.0022261,0.0004747699999999,0.00017927,0.18952,0.1886,0.073922,0.049795,0.027853,0.004232,0.002599,0.0005543,0.0002093,0.2,0.2,0.073922,0.049795,0.027853,0.004232,0.002599,0.0005543,0.0002093
VFID4731,,191.18932,12.35169,2.0,0.0252,0.0243,0.0011,0.0256,0.022,0.078,0.0293,0.0283,0.0013,0.0298,0.0256,0.0907,,0.207648,0.20664,0.0809928,0.054558,0.0305172,0.0046368,0.0028476,0.00060732,0.00022932,0.241432,0.2402599999999999,0.0941702,0.0634345,0.0354823,0.0053912,0.0033109,0.00070613,0.00026663,0.2,0.2,0.0941702,0.0634345,0.0354823,0.0053912,0.0033109,0.00070613,0.00026663
VFID4778,,186.00608,12.20465,2.0,0.0248,0.0246,0.001,0.0263,0.0225,0.0769,0.0289,0.0286,0.0012,0.0305,0.0262,0.0895,,0.204352,0.2033599999999999,0.0797071999999999,0.053692,0.0300328,0.0045632,0.0028024,0.00059768,0.00022568,0.238136,0.2369799999999999,0.0928846,0.0625685,0.0349979,0.0053176,0.0032657,0.0006964899999999,0.00026299,0.2,0.2,0.0928846,0.0625685,0.0349979,0.0053176,0.0032657,0.0006964899999999,0.00026299
VFID4810,,192.98011,12.08316,2.0,0.0308,0.0308,0.0002,0.0315,0.0305,0.0953,0.0358,0.0358,0.0002,0.0366,0.0354,0.1109,,0.253792,0.25256,0.0989912,0.066682,0.0372988,0.0056672,0.0034804,0.00074228,0.00028028,0.294992,0.29356,0.1150611999999999,0.0775069999999999,0.0433538,0.0065872,0.0040454,0.00086278,0.00032578,0.2,0.2,0.1150611999999999,0.0775069999999999,0.0433538,0.0065872,0.0040454,0.00086278,0.00032578
VFID4816,,166.76402,12.06011,2.0,0.0134,0.0134,0.0001,0.0137,0.0131,0.0414,0.0155,0.0155,0.0002,0.016,0.0153,0.0482,,0.110416,0.1098799999999999,0.0430676,0.029011,0.0162274,0.0024656,0.0015142,0.00032294,0.00012194,0.12772,0.1271,0.049817,0.0335575,0.0187705,0.002852,0.0017515,0.00037355,0.00014105,0.2,0.2,0.049817,0.0335575,0.0187705,0.002852,0.0017515,0.00037355,0.00014105
VFID4845,,190.23966,11.91169,2.0,0.0273,0.0271,0.001,0.0296,0.0247,0.0845,0.0317,0.0315,0.0012,0.0344,0.0288,0.0983,,0.224952,0.22386,0.0877422,0.0591045,0.0330603,0.0050232,0.0030849,0.00065793,0.00024843,0.261208,0.2599399999999999,0.1018838,0.0686305,0.0383887,0.0058328,0.0035821,0.00076397,0.00028847,0.2,0.2,0.1018838,0.0686305,0.0383887,0.0058328,0.0035821,0.00076397,0.00028847
VFID4853,,190.30121,11.88647,2.0,0.0272,0.0267,0.001,0.0279,0.0243,0.0843,0.0316,0.031,0.0011,0.0324,0.0283,0.098,,0.224128,0.2230399999999999,0.0874207999999999,0.0588879999999999,0.0329392,0.0050047999999999,0.0030736,0.0006555199999999,0.00024752,0.260384,0.25912,0.1015624,0.068414,0.0382676,0.0058144,0.0035708,0.00076156,0.00028756,0.2,0.2,0.1015624,0.068414,0.0382676,0.0058144,0.0035708,0.00076156,0.00028756
VFID4861,,189.43138,11.81813,2.0,0.035,0.0349,0.0008,0.0365,0.0329,0.1084,0.0407,0.0405,0.0009,0.0425,0.0382,0.1261,,0.2884,0.287,0.11249,0.075775,0.042385,0.00644,0.003955,0.0008435,0.0003185,0.335368,0.33374,0.1308098,0.0881155,0.0492877,0.0074888,0.0045991,0.00098087,0.00037037,0.2,0.2,0.1308098,0.0881155,0.0492877,0.0074888,0.0045991,0.00098087,0.00037037
VFID4886,,160.99042,11.70368,2.0,0.0238,0.0239,0.0001,0.0242,0.0236,0.0738,0.0277,0.0278,0.0001,0.0282,0.0275,0.0859,,0.196112,0.19516,0.0764932,0.051527,0.0288218,0.0043792,0.0026894,0.00057358,0.00021658,0.228248,0.2271399999999999,0.0890277999999999,0.0599704999999999,0.0335447,0.0050967999999999,0.0031301,0.0006675699999999,0.00025207,0.2,0.2,0.0890277999999999,0.0599704999999999,0.0335447,0.0050967999999999,0.0031301,0.0006675699999999,0.00025207
VFID4949,,171.10857,11.34214,2.0,0.0279,0.028,0.0006,0.0289,0.0267,0.0864,0.0324,0.0325,0.0007,0.0336,0.0311,0.1004,,0.229896,0.2287799999999999,0.0896706,0.0604035,0.0337869,0.0051336,0.0031527,0.00067239,0.00025389,0.266976,0.2656799999999999,0.1041335999999999,0.070146,0.0392364,0.0059615999999999,0.0036612,0.00078084,0.00029484,0.2,0.2,0.1041335999999999,0.070146,0.0392364,0.0059615999999999,0.0036612,0.00078084,0.00029484
VFID4961,,189.13643,11.25796,2.0,0.028,0.028,0.0003,0.0285,0.0273,0.0869,0.0326,0.0326,0.0003,0.0331,0.0318,0.1011,,0.23072,0.2296,0.089992,0.06062,0.033908,0.005152,0.003164,0.0006748,0.0002548,0.268624,0.2673199999999999,0.1047763999999999,0.0705789999999999,0.0394785999999999,0.0059983999999999,0.0036837999999999,0.0007856599999999,0.0002966599999999,0.2,0.2,0.1047763999999999,0.0705789999999999,0.0394785999999999,0.0059983999999999,0.0036837999999999,0.0007856599999999,0.0002966599999999
VFID4962,,189.14284,11.2389,2.0,0.0279,0.0279,0.0004,0.0283,0.0269,0.0866,0.0325,0.0324,0.0004,0.033,0.0312,0.1007,,0.229896,0.2287799999999999,0.0896706,0.0604035,0.0337869,0.0051336,0.0031527,0.00067239,0.00025389,0.2678,0.2664999999999999,0.104455,0.0703625,0.0393575,0.00598,0.0036725,0.00078325,0.00029575,0.2,0.2,0.104455,0.0703625,0.0393575,0.00598,0.0036725,0.00078325,0.00029575
VFID5030,,167.483,10.72084,2.0,0.0207,0.0206,0.0004,0.0216,0.0199,0.0643,0.0241,0.024,0.0005,0.0251,0.0231,0.0748,,0.170568,0.1697399999999999,0.0665298,0.0448155,0.0250677,0.0038087999999999,0.0023391,0.00049887,0.00018837,0.198584,0.19762,0.0774574,0.0521765,0.0291851,0.0044344,0.0027233,0.00058081,0.00021931,0.2,0.2,0.0774574,0.0521765,0.0291851,0.0044344,0.0027233,0.00058081,0.00021931
VFID5154,,218.18277,9.89143,2.0,0.0234,0.0234,0.0002,0.0238,0.0229,0.0724,0.0272,0.0272,0.0002,0.0277,0.0266,0.0842,,0.192816,0.19188,0.0752076,0.050661,0.0283374,0.0043056,0.0026442,0.00056394,0.00021294,0.224128,0.2230399999999999,0.0874207999999999,0.0588879999999999,0.0329392,0.0050047999999999,0.0030736,0.0006555199999999,0.00024752,0.2,0.2,0.0874207999999999,0.0588879999999999,0.0329392,0.0050047999999999,0.0030736,0.0006555199999999,0.00024752
VFID5176,,193.46182,9.71003,2.0,0.0189,0.019,0.0004,0.0202,0.0184,0.0585,0.0219,0.0221,0.0004,0.0235,0.0214,0.068,,0.155736,0.1549799999999999,0.0607446,0.0409185,0.0228879,0.0034776,0.0021357,0.00045549,0.00017199,0.180456,0.17958,0.0703866,0.0474135,0.0265209,0.0040295999999999,0.0024747,0.00052779,0.00019929,0.2,0.2,0.0703866,0.0474135,0.0265209,0.0040295999999999,0.0024747,0.00052779,0.00019929
VFID5194,,183.87702,9.58493,2.0,0.0149,0.0147,0.0003,0.0155,0.014,0.0462,0.0173,0.0171,0.0004,0.0181,0.0163,0.0537,,0.122776,0.1221799999999999,0.0478885999999999,0.0322585,0.0180439,0.0027416,0.0016837,0.00035909,0.00013559,0.142552,0.1418599999999999,0.0556022,0.0374545,0.0209503,0.0031831999999999,0.0019549,0.00041693,0.00015743,0.2,0.2,0.0556022,0.0374545,0.0209503,0.0031831999999999,0.0019549,0.00041693,0.00015743
VFID5222,,186.7987,9.42044,2.0,0.0178,0.018,0.0005,0.019,0.0171,0.0551,0.0207,0.0209,0.0006,0.0221,0.0199,0.0641,,0.146672,0.1459599999999999,0.0572092,0.038537,0.0215558,0.0032752,0.0020114,0.00042898,0.00016198,0.170568,0.1697399999999999,0.0665298,0.0448155,0.0250677,0.0038087999999999,0.0023391,0.00049887,0.00018837,0.2,0.2,0.0665298,0.0448155,0.0250677,0.0038087999999999,0.0023391,0.00049887,0.00018837
VFID5223,,172.10009,9.40766,2.0,0.0274,0.0275,0.0008,0.0297,0.0259,0.0848,0.0318,0.032,0.0009,0.0345,0.0301,0.0986,,0.225776,0.22468,0.0880636,0.059321,0.0331814,0.0050416,0.0030962,0.00066034,0.00024934,0.262032,0.26076,0.1022052,0.068847,0.0385098,0.0058512,0.0035934,0.00076638,0.00028938,0.2,0.2,0.1022052,0.068847,0.0385098,0.0058512,0.0035934,0.00076638,0.00028938
VFID5236,,185.67596,9.33259,2.0,0.019,0.0191,0.0005,0.0196,0.0179,0.059,0.0221,0.0222,0.0005,0.0228,0.0208,0.0687,,0.15656,0.1558,0.0610659999999999,0.041135,0.023009,0.003496,0.002147,0.0004578999999999,0.0001729,0.182104,0.18122,0.0710294,0.0478465,0.0267631,0.0040664,0.0024973,0.00053261,0.00020111,0.2,0.2,0.0710294,0.0478465,0.0267631,0.0040664,0.0024973,0.00053261,0.00020111
VFID5241,,148.70671,9.2714,2.0,0.033,0.0331,0.0009,0.035,0.0308,0.1023,0.0384,0.0384,0.0011,0.0407,0.0359,0.1189,,0.27192,0.2706,0.106062,0.071445,0.039963,0.006072,0.003729,0.0007953,0.0003003,0.316416,0.3148799999999999,0.1234175999999999,0.0831359999999999,0.0465024,0.0070655999999999,0.0043392,0.0009254399999999,0.0003494399999999,0.2,0.2,0.1234175999999999,0.0831359999999999,0.0465024,0.0070655999999999,0.0043392,0.0009254399999999,0.0003494399999999
VFID5244,,187.16892,9.25892,2.0,0.0162,0.0162,0.0001,0.0166,0.016,0.0503,0.0188,0.0189,0.0001,0.0193,0.0186,0.0584,,0.133488,0.1328399999999999,0.0520667999999999,0.035073,0.0196182,0.0029807999999999,0.0018306,0.00039042,0.00014742,0.154912,0.15416,0.0604232,0.040702,0.0227668,0.0034592,0.0021244,0.00045308,0.00017108,0.2,0.2,0.0604232,0.040702,0.0227668,0.0034592,0.0021244,0.00045308,0.00017108
VFID5257,,188.41543,9.17486,2.0,0.0178,0.0177,0.0003,0.0183,0.0173,0.0551,0.0207,0.0205,0.0003,0.0213,0.0201,0.0641,,0.146672,0.1459599999999999,0.0572092,0.038537,0.0215558,0.0032752,0.0020114,0.00042898,0.00016198,0.170568,0.1697399999999999,0.0665298,0.0448155,0.0250677,0.0038087999999999,0.0023391,0.00049887,0.00018837,0.2,0.2,0.0665298,0.0448155,0.0250677,0.0038087999999999,0.0023391,0.00049887,0.00018837
VFID5276,,185.52355,9.04371,2.0,0.0196,0.0195,0.0006,0.0211,0.0183,0.0609,0.0228,0.0227,0.0007,0.0245,0.0213,0.0708,,0.161504,0.1607199999999999,0.0629943999999999,0.042434,0.0237356,0.0036063999999999,0.0022148,0.0004723599999999,0.00017836,0.187872,0.18696,0.0732792,0.049362,0.0276108,0.0041952,0.0025764,0.00054948,0.00020748,0.2,0.2,0.0732792,0.049362,0.0276108,0.0041952,0.0025764,0.00054948,0.00020748
VFID5292,,204.38342,8.88518,2.0,0.021,0.0211,0.0001,0.0214,0.0209,0.0652,0.0245,0.0245,0.0001,0.0248,0.0243,0.0758,,0.17304,0.1722,0.067494,0.045465,0.025431,0.003864,0.002373,0.0005061,0.0001911,0.20188,0.2009,0.078743,0.0530425,0.0296695,0.004508,0.0027685,0.00059045,0.00022295,0.2,0.2,0.078743,0.0530425,0.0296695,0.004508,0.0027685,0.00059045,0.00022295
VFID5324,,188.37605,8.65472,2.0,0.0173,0.0172,0.0003,0.0178,0.0164,0.0538,0.0202,0.02,0.0004,0.0207,0.0191,0.0625,,0.142552,0.1418599999999999,0.0556022,0.0374545,0.0209503,0.0031831999999999,0.0019549,0.00041693,0.00015743,0.1664479999999999,0.1656399999999999,0.0649228,0.043733,0.0244622,0.0037167999999999,0.0022826,0.00048682,0.00018382,0.2,0.2,0.0649228,0.043733,0.0244622,0.0037167999999999,0.0022826,0.00048682,0.00018382
VFID5405,,193.68311,8.05311,2.0,0.0289,0.0284,0.0013,0.031,0.0259,0.0897,0.0337,0.033,0.0015,0.036,0.0301,0.1043,,0.238136,0.2369799999999999,0.0928846,0.0625685,0.0349979,0.0053176,0.0032657,0.0006964899999999,0.00026299,0.277688,0.27634,0.1083118,0.0729605,0.0408107,0.0062008,0.0038081,0.00081217,0.00030667,0.2,0.2,0.1083118,0.0729605,0.0408107,0.0062008,0.0038081,0.00081217,0.00030667
VFID5429,,186.69458,7.91885,2.0,0.0218,0.0217,0.0002,0.022,0.021,0.0675,0.0253,0.0253,0.0003,0.0256,0.0244,0.0785,,0.179632,0.1787599999999999,0.0700652,0.047197,0.0263998,0.0040111999999999,0.0024634,0.00052538,0.00019838,0.208472,0.2074599999999999,0.0813142,0.0547745,0.0306383,0.0046552,0.0028589,0.00060973,0.00023023,0.2,0.2,0.0813142,0.0547745,0.0306383,0.0046552,0.0028589,0.00060973,0.00023023
VFID5432,,193.84759,7.9099,2.0,0.0352,0.0339,0.0009,0.0353,0.0324,0.1091,0.0409,0.0394,0.001,0.0411,0.0377,0.1268,,0.290048,0.28864,0.1131328,0.076208,0.0426272,0.0064768,0.0039776,0.00084832,0.00032032,0.337016,0.3353799999999999,0.1314526,0.0885485,0.0495299,0.0075255999999999,0.0046217,0.00098569,0.00037219,0.2,0.2,0.1314526,0.0885485,0.0495299,0.0075255999999999,0.0046217,0.00098569,0.00037219
VFID5436,,189.58688,7.8915,2.0,0.0253,0.0244,0.0009,0.0258,0.0223,0.0783,0.0294,0.0284,0.001,0.03,0.026,0.091,,0.208472,0.2074599999999999,0.0813142,0.0547745,0.0306383,0.0046552,0.0028589,0.00060973,0.00023023,0.242256,0.2410799999999999,0.0944916,0.063651,0.0356034,0.0054096,0.0033222,0.00070854,0.00026754,0.2,0.2,0.0944916,0.063651,0.0356034,0.0054096,0.0033222,0.00070854,0.00026754
VFID5477,,185.03115,7.69168,2.0,0.0251,0.023,0.0011,0.0251,0.0212,0.078,0.0292,0.0268,0.0013,0.0292,0.0247,0.0906,,0.206824,0.2058199999999999,0.0806714,0.0543415,0.0303961,0.0046184,0.0028363,0.00060491,0.00022841,0.240608,0.23944,0.0938488,0.063218,0.0353612,0.0053728,0.0032996,0.00070372,0.00026572,0.2,0.2,0.0938488,0.063218,0.0353612,0.0053728,0.0032996,0.00070372,0.00026572
VFID5508,,186.22885,7.4447,2.0,0.0204,0.0202,0.0007,0.0218,0.0188,0.0633,0.0237,0.0235,0.0009,0.0254,0.0219,0.0736,,0.168096,0.1672799999999999,0.0655656,0.044166,0.0247044,0.0037536,0.0023052,0.00049164,0.00018564,0.195288,0.1943399999999999,0.0761718,0.0513104999999999,0.0287007,0.0043608,0.0026781,0.00057117,0.00021567,0.2,0.2,0.0761718,0.0513104999999999,0.0287007,0.0043608,0.0026781,0.00057117,0.00021567
VFID5526,,186.7972,7.263,2.0,0.0253,0.0238,0.0011,0.0254,0.0213,0.0785,0.0294,0.0277,0.0013,0.0295,0.0248,0.0912,,0.208472,0.2074599999999999,0.0813142,0.0547745,0.0306383,0.0046552,0.0028589,0.00060973,0.00023023,0.242256,0.2410799999999999,0.0944916,0.063651,0.0356034,0.0054096,0.0033222,0.00070854,0.00026754,0.2,0.2,0.0944916,0.063651,0.0356034,0.0054096,0.0033222,0.00070854,0.00026754
VFID5532,,186.42724,7.21714,2.0,0.0223,0.0222,0.0005,0.0231,0.0215,0.0691,0.0259,0.0258,0.0005,0.0268,0.025,0.0803,,0.183752,0.18286,0.0716722,0.0482795,0.0270053,0.0041032,0.0025199,0.00053743,0.00020293,0.213416,0.2123799999999999,0.0832426,0.0560735,0.0313649,0.0047656,0.0029267,0.0006241899999999,0.00023569,0.2,0.2,0.0832426,0.0560735,0.0313649,0.0047656,0.0029267,0.0006241899999999,0.00023569
VFID5544,,166.73592,7.17391,2.0,0.0287,0.029,0.0005,0.0302,0.0281,0.0891,0.0334,0.0337,0.0006,0.0351,0.0327,0.1036,,0.236488,0.2353399999999999,0.0922418,0.0621355,0.0347557,0.0052807999999999,0.0032431,0.00069167,0.00026117,0.275216,0.2738799999999999,0.1073476,0.072311,0.0404474,0.0061455999999999,0.0037742,0.00080494,0.00030394,0.2,0.2,0.1073476,0.072311,0.0404474,0.0061455999999999,0.0037742,0.00080494,0.00030394
VFID5546,,188.6646,7.16016,2.0,0.0187,0.0188,0.0004,0.02,0.0183,0.058,0.0217,0.0219,0.0004,0.0232,0.0213,0.0674,,0.154088,0.15334,0.0601018,0.0404855,0.0226457,0.0034408,0.0021131,0.00045067,0.00017017,0.178808,0.17794,0.0697438,0.0469805,0.0262787,0.0039928,0.0024521,0.00052297,0.00019747,0.2,0.2,0.0697438,0.0469805,0.0262787,0.0039928,0.0024521,0.00052297,0.00019747
VFID5573,,183.26278,7.03894,2.0,0.0143,0.0144,0.0001,0.0147,0.0142,0.0444,0.0166,0.0167,0.0001,0.0171,0.0165,0.0516,,0.117832,0.1172599999999999,0.0459602,0.0309595,0.0173173,0.0026312,0.0016159,0.00034463,0.00013013,0.136784,0.13612,0.0533524,0.035939,0.0201026,0.0030544,0.0018758,0.00040006,0.00015106,0.2,0.2,0.0533524,0.035939,0.0201026,0.0030544,0.0018758,0.00040006,0.00015106
VFID5582,,185.91126,6.95408,2.0,0.0184,0.0183,0.0004,0.0192,0.0175,0.057,0.0214,0.0213,0.0005,0.0223,0.0204,0.0663,,0.151616,0.15088,0.0591376,0.039836,0.0222824,0.0033856,0.0020792,0.0004434399999999,0.00016744,0.176336,0.1754799999999999,0.0687796,0.046331,0.0259154,0.0039375999999999,0.0024182,0.00051574,0.00019474,0.2,0.2,0.0687796,0.046331,0.0259154,0.0039375999999999,0.0024182,0.00051574,0.00019474
VFID5625,,185.71997,6.67996,2.0,0.0221,0.0216,0.0004,0.0221,0.0207,0.0684,0.0256,0.0251,0.0005,0.0257,0.024,0.0795,,0.182104,0.18122,0.0710294,0.0478465,0.0267631,0.0040664,0.0024973,0.00053261,0.00020111,0.210944,0.20992,0.0822784,0.055424,0.0310016,0.0047104,0.0028928,0.00061696,0.00023296,0.2,0.2,0.0822784,0.055424,0.0310016,0.0047104,0.0028928,0.00061696,0.00023296
VFID5627,,185.66258,6.67732,2.0,0.0218,0.0209,0.0008,0.0221,0.0196,0.0675,0.0253,0.0243,0.0009,0.0257,0.0228,0.0785,,0.179632,0.1787599999999999,0.0700652,0.047197,0.0263998,0.0040111999999999,0.0024634,0.00052538,0.00019838,0.208472,0.2074599999999999,0.0813142,0.0547745,0.0306383,0.0046552,0.0028589,0.00060973,0.00023023,0.2,0.2,0.0813142,0.0547745,0.0306383,0.0046552,0.0028589,0.00060973,0.00023023
VFID5632,,184.49982,6.65409,2.0,0.0195,0.0191,0.0004,0.0197,0.0182,0.0606,0.0227,0.0223,0.0005,0.0229,0.0211,0.0704,,0.16068,0.1599,0.0626729999999999,0.0422175,0.0236145,0.003588,0.0022035,0.00046995,0.00017745,0.187048,0.18614,0.0729578,0.0491455,0.0274897,0.0041768,0.0025651,0.00054707,0.00020657,0.2,0.2,0.0729578,0.0491455,0.0274897,0.0041768,0.0025651,0.00054707,0.00020657
VFID5637,,186.03098,6.60802,2.0,0.0213,0.0211,0.0003,0.0214,0.0202,0.0659,0.0247,0.0245,0.0003,0.0249,0.0235,0.0766,,0.175512,0.1746599999999999,0.0684582,0.0461145,0.0257943,0.0039191999999999,0.0024069,0.00051333,0.00019383,0.203528,0.2025399999999999,0.0793857999999999,0.0534755,0.0299117,0.0045448,0.0027911,0.00059527,0.00022477,0.2,0.2,0.0793857999999999,0.0534755,0.0299117,0.0045448,0.0027911,0.00059527,0.00022477
VFID5652,,188.58062,6.46805,2.0,0.0183,0.0183,0.0001,0.0183,0.0181,0.0566,0.0212,0.0212,0.0001,0.0213,0.0211,0.0658,,0.150792,0.15006,0.0588162,0.0396195,0.0221613,0.0033672,0.0020679,0.00044103,0.00016653,0.174688,0.17384,0.0681368,0.045898,0.0256732,0.0039008,0.0023956,0.00051092,0.00019292,0.2,0.2,0.0681368,0.045898,0.0256732,0.0039008,0.0023956,0.00051092,0.00019292
VFID5676,,186.85967,6.26297,2.0,0.016,0.016,0.0005,0.0173,0.0152,0.0496,0.0186,0.0186,0.0006,0.0201,0.0177,0.0576,,0.13184,0.1311999999999999,0.051424,0.03464,0.019376,0.002944,0.001808,0.0003856,0.0001456,0.1532639999999999,0.1525199999999999,0.0597804,0.040269,0.0225246,0.0034223999999999,0.0021018,0.0004482599999999,0.00016926,0.2,0.2,0.0597804,0.040269,0.0225246,0.0034223999999999,0.0021018,0.0004482599999999,0.00016926
VFID5713,,189.80177,6.01227,2.0,0.0186,0.0186,0.0003,0.0196,0.0181,0.0577,0.0216,0.0216,0.0003,0.0228,0.021,0.0671,,0.1532639999999999,0.1525199999999999,0.0597804,0.040269,0.0225246,0.0034223999999999,0.0021018,0.0004482599999999,0.00016926,0.177984,0.17712,0.0694224,0.046764,0.0261576,0.0039744,0.0024408,0.00052056,0.00019656,0.2,0.2,0.0694224,0.046764,0.0261576,0.0039744,0.0024408,0.00052056,0.00019656
VFID5743,,186.78764,5.88066,2.0,0.018,0.0168,0.0008,0.0184,0.0156,0.0558,0.0209,0.0196,0.0009,0.0214,0.0181,0.0648,,0.1483199999999999,0.1475999999999999,0.0578519999999999,0.03897,0.021798,0.003312,0.002034,0.0004338,0.0001638,0.1722159999999999,0.1713799999999999,0.0671726,0.0452485,0.0253099,0.0038456,0.0023617,0.00050369,0.00019019,0.2,0.2,0.0671726,0.0452485,0.0253099,0.0038456,0.0023617,0.00050369,0.00019019
VFID5759,,183.66057,5.80557,2.0,0.0162,0.016,0.0005,0.0168,0.0146,0.0504,0.0189,0.0186,0.0006,0.0195,0.0169,0.0586,,0.133488,0.1328399999999999,0.0520667999999999,0.035073,0.0196182,0.0029807999999999,0.0018306,0.00039042,0.00014742,0.155736,0.1549799999999999,0.0607446,0.0409185,0.0228879,0.0034776,0.0021357,0.00045549,0.00017199,0.2,0.2,0.0607446,0.0409185,0.0228879,0.0034776,0.0021357,0.00045549,0.00017199
VFID5776,,186.98078,5.72116,2.0,0.0169,0.0163,0.0005,0.0173,0.0154,0.0525,0.0197,0.0189,0.0006,0.0201,0.018,0.0611,,0.139256,0.1385799999999999,0.0543165999999999,0.0365884999999999,0.0204659,0.0031095999999999,0.0019096999999999,0.00040729,0.00015379,0.162328,0.16154,0.0633157999999999,0.0426505,0.0238567,0.0036247999999999,0.0022261,0.0004747699999999,0.00017927,0.2,0.2,0.0633157999999999,0.0426505,0.0238567,0.0036247999999999,0.0022261,0.0004747699999999,0.00017927
VFID5842,,208.74353,5.3337,2.0,0.0217,0.0217,0.0004,0.0228,0.0211,0.0673,0.0253,0.0253,0.0004,0.0265,0.0245,0.0783,,0.178808,0.17794,0.0697438,0.0469805,0.0262787,0.0039928,0.0024521,0.00052297,0.00019747,0.208472,0.2074599999999999,0.0813142,0.0547745,0.0306383,0.0046552,0.0028589,0.00060973,0.00023023,0.2,0.2,0.0813142,0.0547745,0.0306383,0.0046552,0.0028589,0.00060973,0.00023023
VFID5846,,192.49099,5.31134,2.0,0.0241,0.024,0.0003,0.0245,0.0232,0.0746,0.028,0.0279,0.0003,0.0285,0.027,0.0867,,0.198584,0.19762,0.0774574,0.0521765,0.0291851,0.0044344,0.0027233,0.00058081,0.00021931,0.23072,0.2296,0.089992,0.06062,0.033908,0.005152,0.003164,0.0006748,0.0002548,0.2,0.2,0.089992,0.06062,0.033908,0.005152,0.003164,0.0006748,0.0002548
VFID5852,,185.77574,5.25045,2.0,0.0206,0.0187,0.0016,0.0214,0.0156,0.064,0.024,0.0217,0.0019,0.0249,0.0182,0.0744,,0.169744,0.16892,0.0662084,0.044599,0.0249466,0.0037904,0.0023278,0.00049646,0.00018746,0.19776,0.1967999999999999,0.077136,0.05196,0.029064,0.004416,0.002712,0.0005784,0.0002184,0.2,0.2,0.077136,0.05196,0.029064,0.004416,0.002712,0.0005784,0.0002184
VFID5855,,208.54692,5.22729,2.0,0.0247,0.0239,0.0006,0.0251,0.0227,0.0765,0.0287,0.0278,0.0007,0.0292,0.0263,0.089,,0.203528,0.2025399999999999,0.0793857999999999,0.0534755,0.0299117,0.0045448,0.0027911,0.00059527,0.00022477,0.236488,0.2353399999999999,0.0922418,0.0621355,0.0347557,0.0052807999999999,0.0032431,0.00069167,0.00026117,0.2,0.2,0.0922418,0.0621355,0.0347557,0.0052807999999999,0.0032431,0.00069167,0.00026117
VFID5889,,209.04989,5.01466,2.0,0.0234,0.0234,0.0002,0.0239,0.0228,0.0725,0.0272,0.0272,0.0003,0.0278,0.0265,0.0843,,0.192816,0.19188,0.0752076,0.050661,0.0283374,0.0043056,0.0026442,0.00056394,0.00021294,0.224128,0.2230399999999999,0.0874207999999999,0.0588879999999999,0.0329392,0.0050047999999999,0.0030736,0.0006555199999999,0.00024752,0.2,0.2,0.0874207999999999,0.0588879999999999,0.0329392,0.0050047999999999,0.0030736,0.0006555199999999,0.00024752
VFID5905,,220.74156,4.88968,2.0,0.0318,0.0315,0.0005,0.0321,0.0303,0.0985,0.037,0.0366,0.0006,0.0374,0.0352,0.1146,,0.262032,0.26076,0.1022052,0.068847,0.0385098,0.0058512,0.0035934,0.00076638,0.00028938,0.30488,0.3033999999999999,0.118918,0.080105,0.044807,0.006808,0.004181,0.0008916999999999,0.0003367,0.2,0.2,0.118918,0.080105,0.044807,0.006808,0.004181,0.0008916999999999,0.0003367
VFID5960,,185.47841,4.47378,2.0,0.0192,0.0193,0.0001,0.0197,0.0189,0.0596,0.0223,0.0224,0.0002,0.0229,0.022,0.0692,,0.158208,0.1574399999999999,0.0617087999999999,0.0415679999999999,0.0232512,0.0035327999999999,0.0021696,0.0004627199999999,0.0001747199999999,0.183752,0.18286,0.0716722,0.0482795,0.0270053,0.0041032,0.0025199,0.00053743,0.00020293,0.2,0.2,0.0716722,0.0482795,0.0270053,0.0041032,0.0025199,0.00053743,0.00020293
VFID5962,,193.31036,4.46333,2.0,0.0346,0.0343,0.001,0.0362,0.0322,0.1074,0.0403,0.0399,0.0011,0.0421,0.0374,0.1249,,0.285104,0.2837199999999999,0.1112044,0.074909,0.0419006,0.0063663999999999,0.0039098,0.00083386,0.00031486,0.332072,0.33046,0.1295242,0.0872495,0.0488033,0.0074152,0.0045539,0.00097123,0.00036673,0.2,0.2,0.1295242,0.0872495,0.0488033,0.0074152,0.0045539,0.00097123,0.00036673
VFID5964,,218.3513,4.4505,2.0,0.0314,0.0314,0.0005,0.0324,0.0303,0.0974,0.0365,0.0365,0.0006,0.0377,0.0352,0.1133,,0.2587359999999999,0.2574799999999999,0.1009195999999999,0.067981,0.0380254,0.0057775999999999,0.0035481999999999,0.0007567399999999,0.00028574,0.3007599999999999,0.2992999999999999,0.1173109999999999,0.0790225,0.0442015,0.006716,0.0041245,0.0008796499999999,0.0003321499999999,0.2,0.2,0.1173109999999999,0.0790225,0.0442015,0.006716,0.0041245,0.0008796499999999,0.0003321499999999
VFID5988,,193.95399,4.30418,2.0,0.0316,0.0317,0.0004,0.0327,0.031,0.0981,0.0368,0.0368,0.0004,0.038,0.0361,0.114,,0.260384,0.25912,0.1015624,0.068414,0.0382676,0.0058144,0.0035708,0.00076156,0.00028756,0.303232,0.30176,0.1182752,0.079672,0.0445648,0.0067712,0.0041584,0.0008868799999999,0.00033488,0.2,0.2,0.1182752,0.079672,0.0445648,0.0067712,0.0041584,0.0008868799999999,0.00033488
VFID5992,,187.6116,4.24649,2.0,0.0208,0.0208,0.0003,0.0218,0.0204,0.0646,0.0242,0.0242,0.0004,0.0254,0.0237,0.0751,,0.171392,0.17056,0.0668512,0.0450319999999999,0.0251888,0.0038272,0.0023504,0.00050128,0.00018928,0.199408,0.1984399999999999,0.0777788,0.052393,0.0293062,0.0044528,0.0027346,0.00058322,0.00022022,0.2,0.2,0.0777788,0.052393,0.0293062,0.0044528,0.0027346,0.00058322,0.00022022
VFID5995,,185.07251,4.20196,2.0,0.0193,0.018,0.0006,0.0193,0.0168,0.0597,0.0224,0.021,0.0007,0.0224,0.0195,0.0695,,0.159032,0.1582599999999999,0.0620302,0.0417845,0.0233723,0.0035512,0.0021809,0.00046513,0.00017563,0.184576,0.1836799999999999,0.0719936,0.048496,0.0271264,0.0041216,0.0025312,0.00053984,0.00020384,0.2,0.2,0.0719936,0.048496,0.0271264,0.0041216,0.0025312,0.00053984,0.00020384
VFID6023,,186.65028,3.96479,2.0,0.0154,0.0154,0.0004,0.0162,0.0147,0.0476,0.0179,0.0179,0.0004,0.0188,0.0171,0.0554,,0.126896,0.12628,0.0494956,0.033341,0.0186494,0.0028336,0.0017402,0.00037114,0.00014014,0.147496,0.14678,0.0575305999999999,0.0387534999999999,0.0216769,0.0032936,0.0020227,0.00043139,0.00016289,0.2,0.2,0.0575305999999999,0.0387534999999999,0.0216769,0.0032936,0.0020227,0.00043139,0.00016289
VFID6028,,207.06686,3.95088,2.0,0.0198,0.0197,0.0001,0.0199,0.0194,0.0612,0.023,0.0229,0.0002,0.0232,0.0226,0.0712,,0.163152,0.16236,0.0636372,0.042867,0.0239778,0.0036432,0.0022374,0.00047718,0.00018018,0.18952,0.1886,0.073922,0.049795,0.027853,0.004232,0.002599,0.0005543,0.0002093,0.2,0.2,0.073922,0.049795,0.027853,0.004232,0.002599,0.0005543,0.0002093
VFID6048,,217.50768,3.7729,2.0,0.0284,0.0278,0.001,0.0293,0.0257,0.0879,0.033,0.0324,0.0011,0.0341,0.0299,0.1022,,0.234016,0.23288,0.0912776,0.061486,0.0343924,0.0052256,0.0032092,0.00068444,0.00025844,0.27192,0.2706,0.106062,0.071445,0.039963,0.006072,0.003729,0.0007953,0.0003003,0.2,0.2,0.106062,0.071445,0.039963,0.006072,0.003729,0.0007953,0.0003003
VFID6056,,185.25947,3.72208,2.0,0.0168,0.0168,0.0003,0.0172,0.0159,0.0522,0.0196,0.0195,0.0003,0.02,0.0185,0.0607,,0.138432,0.1377599999999999,0.0539951999999999,0.036372,0.0203448,0.0030911999999999,0.0018984,0.00040488,0.0001528799999999,0.161504,0.1607199999999999,0.0629943999999999,0.042434,0.0237356,0.0036063999999999,0.0022148,0.0004723599999999,0.00017836,0.2,0.2,0.0629943999999999,0.042434,0.0237356,0.0036063999999999,0.0022148,0.0004723599999999,0.00017836
VFID6060,,184.28797,3.6829,2.0,0.0154,0.0154,0.0003,0.0162,0.0147,0.0477,0.0179,0.0179,0.0004,0.0188,0.0171,0.0554,,0.126896,0.12628,0.0494956,0.033341,0.0186494,0.0028336,0.0017402,0.00037114,0.00014014,0.147496,0.14678,0.0575305999999999,0.0387534999999999,0.0216769,0.0032936,0.0020227,0.00043139,0.00016289,0.2,0.2,0.0575305999999999,0.0387534999999999,0.0216769,0.0032936,0.0020227,0.00043139,0.00016289
VFID6091,,215.30457,3.43584,2.0,0.0356,0.0327,0.0017,0.0356,0.0295,0.1104,0.0414,0.0381,0.0019,0.0414,0.0343,0.1284,,0.293344,0.2919199999999999,0.1144184,0.077074,0.0431116,0.0065504,0.0040228,0.00085796,0.00032396,0.341136,0.3394799999999999,0.1330596,0.089631,0.0501354,0.0076175999999999,0.0046782,0.00099774,0.00037674,0.2,0.2,0.1330596,0.089631,0.0501354,0.0076175999999999,0.0046782,0.00099774,0.00037674
VFID6093,,186.49361,3.42967,2.0,0.0199,0.0171,0.002,0.0203,0.0134,0.0616,0.0231,0.0199,0.0023,0.0237,0.0155,0.0717,,0.163976,0.16318,0.0639586,0.0430835,0.0240989,0.0036616,0.0022487,0.00047959,0.00018109,0.1903439999999999,0.1894199999999999,0.0742434,0.0500115,0.0279741,0.0042504,0.0026103,0.00055671,0.00021021,0.2,0.2,0.0742434,0.0500115,0.0279741,0.0042504,0.0026103,0.00055671,0.00021021
VFID6098,,219.57548,3.41031,2.0,0.0319,0.0318,0.0006,0.0333,0.0308,0.0988,0.0371,0.037,0.0007,0.0387,0.0358,0.1149,,0.262856,0.26158,0.1025266,0.0690635,0.0386309,0.0058695999999999,0.0036046999999999,0.00076879,0.00029029,0.305704,0.30422,0.1192394,0.0803215,0.0449281,0.0068264,0.0041923,0.00089411,0.00033761,0.2,0.2,0.1192394,0.0803215,0.0449281,0.0068264,0.0041923,0.00089411,0.00033761
VFID6179,,193.81472,2.89662,2.0,0.0293,0.0292,0.0004,0.0304,0.0284,0.0907,0.034,0.034,0.0005,0.0353,0.033,0.1055,,0.241432,0.2402599999999999,0.0941702,0.0634345,0.0354823,0.0053912,0.0033109,0.00070613,0.00026663,0.28016,0.2788,0.109276,0.07361,0.041174,0.006256,0.003842,0.0008194,0.0003094,0.2,0.2,0.109276,0.07361,0.041174,0.006256,0.003842,0.0008194,0.0003094
VFID6182,,182.04634,2.8783,2.0,0.0172,0.0172,0.0002,0.0175,0.017,0.0533,0.02,0.02,0.0002,0.0204,0.0198,0.062,,0.141728,0.14104,0.0552808,0.037238,0.0208292,0.0031648,0.0019436,0.00041452,0.00015652,0.1648,0.1639999999999999,0.06428,0.0433,0.02422,0.00368,0.00226,0.000482,0.000182,0.2,0.2,0.06428,0.0433,0.02422,0.00368,0.00226,0.000482,0.000182
VFID6185,,192.45932,2.85186,2.0,0.0299,0.028,0.0009,0.0299,0.0263,0.0926,0.0347,0.0326,0.0011,0.0347,0.0305,0.1076,,0.246376,0.2451799999999999,0.0960985999999999,0.0647335,0.0362089,0.0055016,0.0033787,0.00072059,0.00027209,0.285928,0.28454,0.1115258,0.0751255,0.0420217,0.0063848,0.0039211,0.00083627,0.00031577,0.2,0.2,0.1115258,0.0751255,0.0420217,0.0063848,0.0039211,0.00083627,0.00031577
VFID6247,,186.74369,2.4944,2.0,0.0153,0.0152,0.0003,0.0159,0.0146,0.0475,0.0178,0.0177,0.0004,0.0185,0.017,0.0552,,0.126072,0.12546,0.0491741999999999,0.0331245,0.0185283,0.0028152,0.0017289,0.00036873,0.00013923,0.146672,0.1459599999999999,0.0572092,0.038537,0.0215558,0.0032752,0.0020114,0.00042898,0.00016198,0.2,0.2,0.0572092,0.038537,0.0215558,0.0032752,0.0020114,0.00042898,0.00016198
VFID6306,,201.58257,2.10055,2.0,0.0233,0.0232,0.0002,0.0235,0.0228,0.0724,0.0271,0.027,0.0002,0.0273,0.0265,0.0841,,0.191992,0.19106,0.0748862,0.0504445,0.0282163,0.0042872,0.0026329,0.00056153,0.00021203,0.223304,0.2222199999999999,0.0870994,0.0586715,0.0328181,0.0049863999999999,0.0030623,0.0006531099999999,0.00024661,0.2,0.2,0.0870994,0.0586715,0.0328181,0.0049863999999999,0.0030623,0.0006531099999999,0.00024661
VFID6380,,215.86309,1.72626,2.0,0.0277,0.0276,0.0002,0.0279,0.0272,0.0859,0.0322,0.0321,0.0002,0.0324,0.0316,0.0999,,0.228248,0.2271399999999999,0.0890277999999999,0.0599704999999999,0.0335447,0.0050967999999999,0.0031301,0.0006675699999999,0.00025207,0.265328,0.26404,0.1034908,0.069713,0.0389942,0.0059248,0.0036386,0.00077602,0.00029302,0.2,0.2,0.1034908,0.069713,0.0389942,0.0059248,0.0036386,0.00077602,0.00029302
VFID6456,,192.66242,1.46437,2.0,0.0212,0.0207,0.001,0.0222,0.0188,0.0658,0.0247,0.0241,0.0011,0.0258,0.0218,0.0765,,0.174688,0.17384,0.0681368,0.045898,0.0256732,0.0039008,0.0023956,0.00051092,0.00019292,0.203528,0.2025399999999999,0.0793857999999999,0.0534755,0.0299117,0.0045448,0.0027911,0.00059527,0.00022477,0.2,0.2,0.0793857999999999,0.0534755,0.0299117,0.0045448,0.0027911,0.00059527,0.00022477
VFID6480,,193.33844,1.26912,2.0,0.017,0.017,0.0003,0.0177,0.0163,0.0526,0.0197,0.0197,0.0004,0.0206,0.0189,0.0611,,0.14008,0.1394,0.054638,0.036805,0.020587,0.003128,0.001921,0.0004097,0.0001547,0.162328,0.16154,0.0633157999999999,0.0426505,0.0238567,0.0036247999999999,0.0022261,0.0004747699999999,0.00017927,0.2,0.2,0.0633157999999999,0.0426505,0.0238567,0.0036247999999999,0.0022261,0.0004747699999999,0.00017927
VFID6643,,195.24434,-0.02757,2.0,0.0223,0.0222,0.0003,0.0228,0.0216,0.0691,0.0259,0.0258,0.0003,0.0265,0.0251,0.0804,,0.183752,0.18286,0.0716722,0.0482795,0.0270053,0.0041032,0.0025199,0.00053743,0.00020293,0.213416,0.2123799999999999,0.0832426,0.0560735,0.0313649,0.0047656,0.0029267,0.0006241899999999,0.00023569,0.2,0.2,0.0832426,0.0560735,0.0313649,0.0047656,0.0029267,0.0006241899999999,0.00023569
VFID6645,,166.45312,-0.03476,2.0,0.0494,0.0496,0.0014,0.0532,0.047,0.153,0.0574,0.0577,0.0016,0.0619,0.0546,0.1779,,0.407056,0.4050799999999999,0.1587715999999999,0.106951,0.0598234,0.0090896,0.0055822,0.00119054,0.00044954,0.472976,0.4706799999999999,0.1844836,0.124271,0.0695114,0.0105615999999999,0.0064862,0.00138334,0.00052234,0.2,0.2,0.1844836,0.124271,0.0695114,0.0105615999999999,0.0064862,0.00138334,0.00052234
VFID6673,,220.04795,-0.289,2.0,0.0337,0.0337,0.0002,0.034,0.0331,0.1044,0.0392,0.0392,0.0003,0.0395,0.0385,0.1214,,0.277688,0.27634,0.1083118,0.0729605,0.0408107,0.0062008,0.0038081,0.00081217,0.00030667,0.323008,0.3214399999999999,0.1259887999999999,0.084868,0.0474712,0.0072127999999999,0.0044296,0.0009447199999999,0.00035672,0.2,0.2,0.1259887999999999,0.084868,0.0474712,0.0072127999999999,0.0044296,0.0009447199999999,0.00035672
VFID6708,,189.82805,-0.53189,2.0,0.0192,0.0192,0.0005,0.0201,0.0182,0.0596,0.0224,0.0224,0.0006,0.0234,0.0211,0.0693,,0.158208,0.1574399999999999,0.0617087999999999,0.0415679999999999,0.0232512,0.0035327999999999,0.0021696,0.0004627199999999,0.0001747199999999,0.184576,0.1836799999999999,0.0719936,0.048496,0.0271264,0.0041216,0.0025312,0.00053984,0.00020384,0.2,0.2,0.0719936,0.048496,0.0271264,0.0041216,0.0025312,0.00053984,0.00020384
VFID6759,,180.09836,-1.10007,2.0,0.0228,0.0228,0.0003,0.0237,0.0224,0.0708,0.0265,0.0266,0.0003,0.0276,0.026,0.0823,,0.187872,0.18696,0.0732792,0.049362,0.0276108,0.0041952,0.0025764,0.00054948,0.00020748,0.21836,0.2172999999999999,0.085171,0.0573725,0.0320915,0.004876,0.0029945,0.0006386499999999,0.00024115,0.2,0.2,0.085171,0.0573725,0.0320915,0.004876,0.0029945,0.0006386499999999,0.00024115
VFID6761,,208.22691,-1.11462,2.0,0.0395,0.0396,0.0006,0.0405,0.0384,0.1224,0.0459,0.0461,0.0007,0.0471,0.0446,0.1424,,0.32548,0.3238999999999999,0.126953,0.0855175,0.0478345,0.007268,0.0044635,0.00095195,0.00035945,0.378216,0.37638,0.1475226,0.0993735,0.0555849,0.0084456,0.0051867,0.00110619,0.00041769,0.2,0.2,0.1475226,0.0993735,0.0555849,0.0084456,0.0051867,0.00110619,0.00041769
