VFID,DM,SGX,SGY,SGZ,nCI08,nCI08_err,distSGX_Virgo,distSGY_Virgo,distSGZ_Virgo,n5th_2D,n5th_2D_err,n5th,n5th_err,Vcosmic,Vmodel,Vmedian,poor_group_memb,rich_group_memb,pure_field,nearest_filament_dist_2D,nearest_filament_dist_3D,filament,filament_PA,orientation_wrt_filament,filament_member,mem_phase_space,cluster_member,mem_Mould00,sep_degree,redshift
VFID0018,32.24828712672389,14.866262586348164,13.71808273271359,5.009680992651222,0.6610452743539875,0.1951013438844471,17.129598121273496,3.8221019316733553,5.424983583285262,3.523799530416136,1.5758910578184633,2.7814593376286947,1.24390643111786,2083.9588786633026,2376.9769249649967,2083.9588786633026,True,False,False,4.671141013447521,5.0794241545084216,Bootes,113.42767598067095,29.33767598067097,False,False,False,False,61.808372692370085,0.007
VFID0087,33.19864112394231,28.55608375490776,15.010207698546337,-1.1700103756391758,0.1200152690295974,0.0354213866776531,30.819419289833085,5.114226897506102,-0.7547077850051362,1.0308138694042803,0.4609939768275124,0.3096786627003086,0.1384925081958237,3228.196367710473,3228.196367710473,0.0,True,False,False,16.503774961545012,16.559571323037122,LeoII_B,151.0938249425952,,False,False,False,False,75.08933415481256,0.0108
VFID0132,29.66641743618681,4.798311092014061,4.14676441325683,0.2346899042690941,0.0487216565114982,0.0143797422513294,7.0616466269393925,-5.749216387783405,0.6499924949031337,0.2535901791502898,0.1134089758012796,0.0421295480772327,0.0188409066724075,634.6221221007371,624.1210405400284,634.6221221007371,False,False,True,2.254626464749789,2.9968195656015184,Leo_Minor,142.4497537436326,3.2897500815232377,False,False,False,False,62.19281624606601,0.0021
VFID0187,31.790894708410743,11.38993836493736,12.3452666896811,1.6876755784515554,0.3005052381759754,0.0886913167479253,13.653273899862691,2.449285888640864,2.102978169085595,2.506344998647521,1.120871558408495,0.2923833549105942,0.1307578114139071,1688.1485552359527,1685.133253110365,1688.1485552359527,False,False,True,2.668892037838612,3.1134296814827325,Ursa_Major_Cloud,166.70173835896085,21.89826164103914,False,False,False,False,56.089445244848335,0.0056
VFID0240,31.76852023075263,10.3560910231479,12.823972494117946,2.73292856791948,0.7198387199707662,0.2124536807007726,12.619426558073233,2.9279916930777112,3.148231158553519,4.897275362170802,2.190128122869764,1.3284273979286687,0.5940907929883333,1670.8434707265926,1778.865438921126,1670.8434707265926,False,True,False,2.1163819670182864,2.396603163699117,Ursa_Major_Cloud,166.70173835896085,71.70173835896085,False,False,False,False,52.92864929355254,0.0056
VFID0488,31.89167108289513,10.128943120523566,14.362811686403916,1.953720962694216,1.3537008573331644,0.3995321753738144,12.392278655448898,4.466830885363681,2.369023553328255,3.8894954418466567,1.7394352412289409,1.85729211706681,0.830606285567177,1768.3406738464548,1571.6400783770882,1768.3406738464548,False,True,False,1.5077616135986185,1.5636408595684517,Ursa_Major_Cloud,166.70173835896085,28.298261641039147,True,False,False,False,48.77662921793931,0.0059
VFID0692,30.4407067694753,6.612382960011181,5.928276098940526,-1.81883248186032,0.1674088536258844,0.0494091608967081,8.875718494936512,-3.967704702099709,-1.40352989122628,0.7326554201680244,0.3276534647158746,0.2001796808773551,0.0895230748311961,906.5109900722988,1193.300503209406,906.5109900722988,True,False,False,1.1641632952331455,1.164656168918955,Leo_Minor,90.10356178467964,52.10356178467964,True,False,False,False,61.13950784931261,0.003
VFID0696,32.275453607877395,10.12655764047725,16.880135037507046,7.603016575361401,1.4581833012090029,0.4303691936588759,12.389893175402582,6.984154236466811,8.018319165995441,9.340162153388968,4.17704749916971,1.5223060307951344,0.6807959534831617,2110.1942791496745,2110.1942791496745,0.0,False,False,False,0.4485902537033086,0.4853535664544005,Bootes,123.65367597719953,13.026324022800496,True,False,False,False,48.8894697240611,0.007
VFID0711,33.341069217388515,19.5088057224888,28.37410101601164,1.587831588639336,0.6441431402491874,0.1901128367332776,21.77214125741413,18.4781202149714,2.0031341792733754,2.1278742918082707,0.9516143128115034,1.7666571413713714,0.7900730922083685,3447.033968992074,3447.033968992074,0.0,True,False,False,12.640000765818373,12.756805583141258,NGC5353_4,165.4733549957744,55.34664500422559,False,False,False,False,47.639448414038185,0.0115
VFID0712,33.256654504262826,18.765881099332525,27.29179957262299,1.5238757766117583,0.3970517436750285,0.1171861168788549,21.029216634257857,17.395818771582753,1.939178367245798,3.161596732266446,1.4139090421577951,0.5840549189525335,0.261197300274199,3315.6037379775253,3315.6037379775253,0.0,True,False,False,12.095668956169272,12.11259105835128,NGC5353_4,165.4733549957744,1.883354995774397,False,False,False,False,47.64060095159845,0.0111
VFID0757,32.693479463795484,14.179159262554885,21.237977911638666,1.5224059402998702,0.6050259626196398,0.1785677667954438,16.442494797480215,11.341997110598427,1.9377085309339093,2.252845884046383,1.0075033079116642,0.6717721684402164,0.3004256468049525,2558.159461439431,1592.4806586452623,2558.159461439431,False,True,False,6.336681308627266,7.99827987208865,Bootes,118.01719929622875,61.32280070377125,False,False,False,False,46.9431090645505,0.0085
VFID0948,31.724618715837348,8.58244322238615,13.91561885935893,0.897737035754079,4.888639032315172,1.4428361898551405,10.845778757311482,4.019638058318694,1.3130396263881186,6.203887955187276,2.774463038518184,4.134901561646587,1.8491841944223613,1637.4025518784083,1764.7492614438645,1637.4025518784083,False,False,False,0.4389607320208658,0.439053390652821,Ursa_Major_Cloud,166.70173835896085,48.271738358960846,True,False,False,False,44.86513724461832,0.0055
VFID0956,31.73833634763985,8.488507343197004,14.07227948049152,1.1974090871664638,4.603078005394609,1.358555517600625,10.751842878122336,4.176298679451284,1.6127116778005033,12.75046707122813,5.702182223227751,4.104106719287537,1.835412322248116,1647.77909688951,1552.6204918373885,1647.77909688951,False,True,False,0.1607994494054274,0.2182986365310721,Ursa_Major_Cloud,166.70173835896085,59.70173835896085,True,False,False,False,44.43110296975746,0.0055
VFID0960,31.29852023075264,7.756843333787788,10.961721705549682,-0.8674530837340315,0.6961169229392685,0.2054524136775385,10.02017886871312,1.0657409045094468,-0.4521504930999919,3.6880450395864406,1.649343882519237,0.8463322115198049,0.3784912713012028,1345.6613099414233,1274.3124778942738,1345.6613099414233,False,False,True,2.239244259565067,3.3247298250354165,Ursa_Major_Cloud,167.09612996300643,88.59387003699356,False,False,False,False,48.113861375340576,0.0045
VFID0976,30.45959646242074,3.914064779171232,6.773588840173736,4.734661982051545,0.0944023762746395,0.0278619803992496,6.177400314096564,-3.1223919608664987,5.149964572685585,0.8792127842642512,0.3931959104603446,0.1460119478599652,0.0652985281884074,914.4311508011916,1010.5214155890023,914.4311508011916,False,True,False,4.326316050400202,4.416889621738511,Canes_Venatici,106.52298722784168,19.96701277215832,False,False,False,False,52.77279094510168,0.0031
VFID1035,31.56854325652217,7.553611951555423,13.17390515895864,1.2653359366632746,6.779320324249111,2.0008531294270635,9.816947486480757,3.2779243579184065,1.680638527297314,22.78283285818338,10.188792598182772,8.181224549701591,3.6587548464645727,1523.8435145530184,1487.7100959415295,1523.8435145530184,False,True,False,0.1696266834578228,0.5497131951188917,Ursa_Major_Cloud,167.02097285343112,37.3690271465689,True,False,False,False,43.26153463519636,0.0051
VFID1037,32.98833634763985,12.353656888443764,23.94322659665833,11.5205506514859,0.0660566621823966,0.0194960074056972,14.616992423369096,14.047245795618103,11.93585324211994,0.296772537163043,0.1327207133903293,0.0749353261507483,0.0335120966378382,2930.2116402911474,1783.4314500131932,2930.2116402911474,False,True,False,2.988631133251578,4.187909159955239,Bootes,175.4857971720581,73.61420282794188,False,False,False,False,46.69415952046367,0.0098
VFID1040,32.03833634763984,9.56061195687601,16.293317242025807,1.025871234132856,0.4128287404270231,0.1218425502400688,11.82394749180134,6.397336440985573,1.4411738247668957,7.736281351665103,3.459770199077425,0.4856196149824328,0.217175694061599,1891.9035375205503,1809.8782770374205,1891.9035375205503,False,False,True,0.887748086367902,2.5072124903474515,Ursa_Major_Cloud,166.70173835896085,59.82826164103915,False,False,False,False,43.61080355413527,0.0063
VFID1046,32.18008470711095,8.483034756754728,16.521394476187414,7.932760743430603,0.6984389155730132,0.2061377281346702,10.74637029168006,6.625413675147179,8.348063334064642,5.567560278548123,2.489888650332253,0.981872100023589,0.4391065521726436,2019.5223374219413,2285.7221107703444,2019.5223374219413,False,True,False,2.1320868797951524,2.178175201706594,Bootes,122.82353234481796,47.42646765518205,False,False,False,False,46.59156224463798,0.0067
VFID1097,31.96833634763985,10.002251222249471,15.305499362505753,-1.1305461918277924,0.2857060004596674,0.0843234598416963,12.265586757174804,5.409518561465516,-0.7152436011937529,2.0077532616255827,0.8978945550083446,0.2892778863337255,0.1293690036459335,1831.888301563475,1736.2545727454872,1831.888301563475,True,False,False,2.7970925482089,3.1088723248275323,Ursa_Major_Cloud,166.70173835896085,78.14826164103914,False,False,False,False,45.99816693319266,0.0061
VFID1098,31.67833634763985,8.050340156869161,13.85106710776971,0.5099038061142527,2.2264480613563595,0.6571153682084069,10.313675691794494,3.9550863067294753,0.9252063967482922,7.3851985723021265,3.3027612070003904,2.007344152787386,0.8977115959738637,1602.872541896984,1666.568732061085,1602.872541896984,False,True,False,0.7301211821331004,0.7314315195128474,Ursa_Major_Cloud,166.91763004440352,12.18236995559647,True,False,False,False,43.239242173166126,0.0053
VFID1173,30.50600869300672,4.69809476034309,8.073587795532326,-0.1244013994698527,0.2349171548826746,0.0693336060285901,6.961430295268421,-1.8223930055079087,0.2909011911641868,4.185144208564504,1.8716533891979577,0.2903527392105687,0.1298496924656201,934.1862232848534,1529.708976957245,934.1862232848534,False,True,False,1.8343025473347616,2.573884835162575,Leo_Minor,130.37218889360557,12.372188893605568,False,False,False,False,43.08918218280626,0.0031
VFID1175,31.52357114106213,7.302515700612805,13.015485260656437,0.2417844808875076,1.2728423811252814,0.3756675506882762,9.565851235538137,3.1195044596162003,0.6570870715215471,3.3698742209920654,1.5070535667524814,1.4651192153990775,0.655221232154699,1492.608628754569,1369.4112847709723,1492.608628754569,False,True,False,0.897353178279107,1.053466330602756,Ursa_Major_Cloud,167.07923972434162,17.470760275658392,True,False,False,False,42.2954008282336,0.005
VFID1182,31.17833634763985,6.23488135560229,11.099782581326116,0.1632985007749992,1.970959316190047,0.5817102492806431,8.498216890527623,1.2038017802858825,0.5786010914090387,3.926872602801837,1.7561508157692878,1.977046673808965,0.8841621514653397,1273.206916693053,1337.1932802752224,1273.206916693053,False,True,False,1.2186104348019948,2.088165556173781,Ursa_Major_Cloud,166.88843927050223,24.501560729497783,False,False,False,False,42.30873885414427,0.0042
VFID1211,32.82833634763985,14.359381546783252,22.9865937316066,-2.527875628679985,0.0568357644755284,0.016774545496467,16.622717081708583,13.090612930566364,-2.1125730380459453,0.2403888087007437,0.1075051434570111,0.0664312474934875,0.0297089570451101,2722.068119981772,2683.6054026119973,2722.068119981772,False,False,True,5.703496848031234,6.114735750085558,Leo_Minor_B,135.11478448818724,20.29521551181276,False,False,False,False,44.86340172568428,0.0091
VFID1212,31.248520230752632,6.032077740843033,11.659389368461431,0.7766283789945093,3.521751161138892,1.039411990406078,8.295413275768365,1.7634085674211963,1.191930969628549,18.277262890915377,8.173840453344221,4.332647196180976,1.9376187306369057,1315.0303188749117,1412.0592480403784,1315.0303188749117,False,True,False,0.7023941295728743,1.3967418141648555,Ursa_Major_Cloud,166.92608505362676,26.73391494637324,True,False,False,False,40.62508762564035,0.0044
VFID1291,32.31852023075263,7.571856442451841,18.25465192778932,8.529039877329772,0.8852273506783841,0.2612665916557727,9.835191977377171,8.358671126749087,8.944342467963812,15.48872631250421,6.926768983929813,0.9098962787577904,0.4069179863553034,2152.4633521129304,2284.426867603408,2152.4633521129304,True,False,False,3.021707140938862,3.022734416953432,Bootes,134.44709852956808,42.57290147043193,False,False,False,False,42.98925877901713,0.0072
VFID1292,32.201834267015826,7.173379665936671,17.29265157357319,8.099770370749924,0.3670761553436604,0.1083391017135288,9.436715200862002,7.3966707725329535,8.515072961383964,2.9380803360144467,1.3139494709367454,0.3778756703068725,0.1689911371698931,2039.851598365811,2276.3716148471194,2039.851598365811,True,False,False,3.41032214309083,3.410891318603668,Bootes,126.20278230368602,12.95278230368602,False,False,False,False,43.01788956459255,0.0068
VFID1350,32.410894708410744,7.864075430126725,19.792913171380548,7.130961971677994,0.3465975835431206,0.1022950423515978,10.127410965052055,9.896932370340313,7.546264562312034,1.1242531941526608,0.5027813132093237,0.4454084021267387,0.1991926929809899,2246.0047035170032,2009.6078218613447,2246.0047035170032,False,False,True,3.156549075549669,3.50786084178057,Bootes,135.4218041053806,26.4181958946194,False,False,False,False,39.88152244143109,0.0075
VFID1374,31.53842829114268,6.119660826112389,13.680977227161554,1.1127613907050125,0.7418918593651894,0.2189624589942529,8.382996361037721,3.784996426121319,1.528063981339052,23.843971339904968,10.66334815391685,0.9689530106409432,0.4333289597592453,1502.8560291305728,1487.5440636829844,1502.8560291305728,False,True,False,0.1980841663479688,0.4201984562341118,Ursa_Major_Cloud,167.08591928811717,0.2559192881171555,True,False,False,False,37.53915430085527,0.005
VFID1609,29.178520230752632,1.80670218842904,4.724156264708686,0.3384232229378675,0.3826536879054424,0.1129366650803912,4.070037723354371,-5.171824536331549,0.7537258135719072,6.507672670165306,2.910319693161438,0.3938481495951202,0.176134247061439,506.9157276005969,306.7123031182637,506.9157276005969,False,True,False,1.0635957223047412,1.0886644345470338,Ursa_Major_Cloud,157.12755686338048,54.39755350644688,True,False,False,False,34.35090565329077,0.0017
VFID1643,31.64852023075263,4.468672540984091,14.159548526332994,5.431273872845774,0.1408823502718242,0.0415801109757476,6.732008075909423,4.263567725292759,5.846576463479814,1.844533120974157,0.8249002890496117,0.1311456367120673,0.0586501117281349,1581.0141828269004,1904.939884143046,1581.0141828269004,False,False,False,0.8113649313472276,0.8187788726574061,Canes_Venatici,33.80905353725404,63.84905353725404,True,False,False,False,37.31461889810514,0.0053
VFID1670,30.514710816881937,6.298379371327692,5.602943989710381,-4.112189749682313,0.1208734247687783,0.0356746633358064,8.561714906253023,-4.293036811329854,-3.696887159048274,1.0681403777232723,0.4776868988203078,0.147303910896981,0.0658763116234443,937.9374637703208,760.4588991271505,937.9374637703208,False,False,False,1.6629641397972978,1.6899239535077106,Leo_Minor,76.17818609974866,83.81818609974864,True,False,False,False,63.24515097663024,0.0031
VFID1729,29.441650383903045,1.7967642215166375,5.394159318571012,0.6465833018315598,0.6610620830896506,0.1951063048259198,4.06009975644197,-4.501821482469223,1.0618858924655994,6.894586715148835,3.0833529143679548,0.932396870975423,0.4169805571018293,572.2183707996115,541.6766833174347,572.2183707996115,False,True,False,1.008556247428866,1.034012677834124,Ursa_Major_Cloud,158.95609898317298,60.8238997961239,True,False,False,False,32.476671232985524,0.0019
VFID1754,30.723572038505207,3.4465828173778617,9.72710456467646,0.3710224290081734,0.5614707011954436,0.1657128378415933,5.709918352303193,-0.1688762363637757,0.786325019642213,10.861869661417751,4.857575785134545,0.7922165383348448,0.3542900065232561,1032.633303607922,842.8120662785315,1032.633303607922,False,True,False,0.8377750931678567,1.0198979124577163,Ursa_Major_Cloud,164.76567897352066,25.31567897352068,True,False,False,False,32.6829943188718,0.0034
VFID1776,31.38763408320319,4.74740169018296,13.192044021128773,0.0455751074792464,0.6990001095663514,0.2063033593047699,7.010737225108292,3.296063220088538,0.460877698113286,15.368379887125002,6.87294842633041,0.6854074042139116,0.3065235096207964,1402.0339701796568,1007.8890345271082,1402.0339701796568,False,True,False,0.7730733867784426,0.9456616736049064,Ursa_Major_Cloud,166.80261248272984,,True,False,False,False,32.76402543832533,0.0047
VFID1783,29.72852023075264,1.7420534949677833,6.095372018104103,1.5674899424869462,0.6034577867660588,0.1781049343263972,4.005389029893115,-3.800608782936133,1.9827925331209857,4.848117624780138,2.1681441143846416,1.5143691800327466,0.6772464859167677,653.0339588276684,458.1776853293873,653.0339588276684,False,True,False,1.080513411992102,1.0855053587952508,Canes_Venatici,95.97527583437028,67.75527652101579,True,False,False,False,32.87051038993605,0.0022
VFID1803,31.188359373409394,3.971236288133918,12.13380724194566,0.7803868575616334,0.6268763989831876,0.1850167191809757,6.23457182305925,2.237826440905426,1.195689448195673,8.949761459686291,4.002455001253258,1.0845114132608915,0.4850082484851442,1279.0973359691577,1194.109918652196,1279.0973359691577,False,True,False,0.1471550725355925,0.2125063750041117,Ursa_Major_Cloud,166.32490041993654,0.6849004199365538,True,False,False,False,31.535729703520577,0.0043
VFID1804,31.07005431953892,3.804789739212372,11.4839245621824,0.6013728681630264,0.5579988443359359,0.1646881516887026,6.068125274137704,1.5879437611421654,1.016675458797066,8.774982140301644,3.924291313412215,0.6021050190026399,0.269269550416741,1211.2745255972102,1118.28538400423,1211.2745255972102,False,True,False,0.1395514054597305,0.1838718395047224,Ursa_Major_Cloud,166.0088729468937,16.00887294689369,True,False,False,False,31.630875462952886,0.004
VFID1928,33.01833634763985,6.0338110563350265,23.18395898213028,17.57174955035556,0.5321849569677455,0.1570694237258751,8.297146591260358,13.287978181090049,17.987052140989597,1.3313180632624455,0.5953835378256389,0.494386716397833,0.2210964610076929,2970.974944709348,2921.82574346617,2970.974944709348,True,False,False,6.218918170591024,6.2594289353341,Bootes,13.993977436366526,6.836022563633472,False,False,False,False,46.31829779372771,0.0099
VFID1933,31.84852023075264,9.197348563894876,12.95008598623941,-6.944261897425017,0.0954257533246787,0.0281640205854657,11.46068409882021,3.054105185199175,-6.528959306790977,0.7398348122412799,0.330864186458459,0.1106643891188506,0.0494906193516476,1733.5475792628315,2018.957240030129,1733.5475792628315,True,False,False,1.418892245838393,1.738326388364202,LeoII_B,145.93972793602506,14.060272063974937,True,False,False,False,51.25910709698774,0.0058
VFID1934,32.21833634763985,10.89910320239304,15.360609841107228,-8.230021945465369,0.6228326762590369,0.183823252154759,13.162438737318372,5.464629040066994,-7.814719354831329,2.714829823954341,1.2141088067411387,1.3664447983241983,0.6110926913107797,2055.412480574096,2143.613109077056,2055.412480574096,True,False,False,0.1233037383426336,1.482871422699927,LeoII_B,149.2005803267211,26.710580326721114,True,False,False,False,51.23368122203105,0.0069
VFID1953,32.75833634763985,5.5234640215497,24.196582007662723,8.872308127636954,1.409674058848006,0.4160521434618287,7.786799556475032,14.300601206622488,9.287610718270994,4.20663099397166,1.881262571755628,1.3200242868930203,0.5903328074886958,2635.718283813037,2888.517919245383,2635.718283813037,False,True,False,0.4011266366798768,1.849036386121898,NGC5353_4,5.571048274860921,89.26895172513909,True,False,False,False,33.51653577989136,0.0088
VFID1999,29.598336347639847,1.5054264408988058,5.903287673026696,0.8435308943902341,0.6922844178180476,0.2043212855557545,3.7687619758241375,-3.9926931280135385,1.2588334850242735,4.601172550486358,2.057706919818716,1.6545258803117422,0.7399264677819474,615.0338079264992,651.8200183039379,615.0338079264992,False,False,False,0.7782225115652974,0.8049262662306776,Ursa_Major_Cloud,159.69417387531783,,True,False,False,False,28.98396961156859,0.0021
VFID2068,32.75656397713562,4.809772168798202,24.08126966190752,9.514542340500132,2.955149820130635,0.8721848921026045,7.073107703723533,14.185288860867278,9.929844931134172,22.94503499835931,10.26133160048864,3.132151254530204,1.4007406241881564,2633.5678703888057,2689.222061467131,2633.5678703888057,False,True,False,1.2012534350517303,2.249761159157369,NGC5353_4,6.431615758375027,23.26838424162497,False,False,False,False,33.36513657930032,0.0088
VFID2143,32.24471628430859,3.397033766053192,18.33519643661783,9.227308548838076,0.1680315044691653,0.0495929304825562,5.660369300978523,8.439215635577597,9.642611139472116,0.6419479311309676,0.2870878424048393,0.2043754039799987,0.0913994592456516,2080.5347625851605,1829.004608290988,2080.5347625851605,True,False,False,3.175098346875363,5.500516222839267,Bootes,16.59901292451213,7.400987075487869,False,False,False,False,36.49869587515977,0.0069
VFID2157,31.558520230752634,2.422775258222035,13.26870060763733,6.938865707799121,0.067610400171687,0.0199545786738318,4.686110793147367,3.372719806597095,7.354168298433161,0.4737942139047537,0.211887213927421,0.0919953260966054,0.041141560552854,1516.8260054397758,1857.091913099444,1516.8260054397758,False,False,True,2.64952500598439,2.832234099256985,Canes_Venatici,33.80905353725404,37.07094646274596,False,False,False,False,37.083820256840085,0.0051
VFID2254,31.92357203850521,2.701146526172664,16.657753536429002,6.1032803764395,0.1733964932528842,0.0511763568562663,4.9644820610979945,6.761772735388767,6.51858296707354,1.1055447053591256,0.4944146226695962,0.1463773871079444,0.065461957588433,1794.5110108040549,1819.4530002092813,1794.5110108040549,True,False,False,1.829499268393518,3.002042350314464,Canes_Venatici,33.57983154461586,56.09016845538415,False,False,False,False,31.051355240267405,0.006
VFID2313,32.27089470841074,7.18128380707928,18.95191811325525,-5.716654177066439,0.1639516523883475,0.0483888002138765,9.44461934200461,9.055937312215011,-5.301351586432399,0.8883586212806028,0.3972860531162839,0.1437249092038481,0.0642757334079578,2105.768677394368,1894.7152347635547,2105.768677394368,True,False,False,1.249633800099355,1.273892600026534,Leo_Minor_B,120.91632463258834,1.9763246325883443,True,False,False,False,35.73385388584583,0.007
VFID2324,33.47852023075264,17.149096119197143,27.84677781691861,-16.70417234374017,0.0453630092987522,0.0133884688692137,19.412431654122475,17.95079701587838,-16.28886975310613,0.5250553885511041,0.2348119081505667,0.0454938527021692,0.0203454694400826,3672.2798180145087,2500.3058118011804,3672.2798180145087,False,False,True,11.568356887068978,13.554984074479858,Leo_Minor_B,135.11478448818724,7.765215511812755,False,False,False,False,49.22013967176548,0.0122
VFID2372,31.92852023075263,4.2320132798945655,17.416872007118428,-1.4968574551302505,0.1550818919737563,0.0457709731996664,6.495348814819897,7.520891206078193,-1.081554864496211,3.185196021315933,1.4244629650648588,0.3309879697773177,0.1480223200313456,1798.6048736577145,1859.058694620695,1798.6048736577145,True,False,False,0.6929817380987353,0.6950375482282147,Coma_Berenices,171.84660255736878,87.24660255736879,True,False,False,False,26.59717882912459,0.006
VFID2387,32.585866687271206,5.828226021760376,23.51267710851795,-2.41907718535876,0.6194474871732552,0.1828241451865042,8.091561556685708,13.616696307477714,-2.00377459472472,3.252442026701445,1.4545362929163232,0.6395656008919686,0.2860224319329884,2434.473531995926,1952.0441750412745,2434.473531995926,True,False,False,0.5289330689892761,0.5294875700244946,Coma_Berenices,165.75352026766407,41.69352026766407,True,False,False,False,26.94349797554275,0.0081
VFID2498,32.620894708410745,7.767268111176519,22.31866168905655,-7.324301824234029,0.0459504154410931,0.0135618363104812,10.03060364610185,12.422680888016316,-6.908999233599989,0.3040019255471411,0.1359537941628474,0.0640988338156503,0.0286658699380512,2474.062470338892,1846.4799470746395,2474.062470338892,False,False,False,0.8740041057986319,1.1848347860458268,Leo_Minor_B,134.63828551998606,76.50171448001394,True,False,False,False,34.832356837457205,0.0083
VFID2535,29.66960862670796,0.7863081792550936,6.215037777994168,1.0714931019569809,0.6497826951326475,0.1917772987290894,3.049643714180425,-3.6809430230460665,1.4867956925910204,1.7780421855136503,0.7951646387341628,0.7732296637003291,0.3457988180506475,635.5554468510167,922.458089313798,635.5554468510167,False,False,False,0.3566393075086486,0.3569839163572746,Canes_Venatici,95.97527583437028,77.98527583437028,True,False,False,False,23.36070944284265,0.0021
VFID2544,32.11234161875508,5.552714423444892,18.06183273315596,-5.110297245833659,1.046014468541218,0.3087214090357204,7.816049958370224,8.165851932115718,-4.694994655199619,8.940693600088137,3.9983997311588793,2.3099058051054464,1.033021280367432,1957.4922147728,1957.4922147728,0.0,False,False,False,0.604742211760873,0.6423534761156422,Leo_Minor_B,119.11366830756891,43.24366830756891,True,False,False,False,32.19875985894826,0.0065
VFID2620,31.57852023075263,0.9982369919184846,14.297718697036734,5.3788763088978895,0.0799137012416592,0.0235857831708496,3.2615725268438163,4.401737895996499,5.794178899531929,0.4647318095085568,0.2078343834735232,0.0779963379379009,0.0348810227250384,1530.861023666261,2692.804186396429,1530.861023666261,False,False,True,2.437090532899941,2.464078638092641,Canes_Venatici,29.569190592290425,87.29919059229043,False,False,False,False,28.260132065798665,0.0051
VFID2665,31.94649897417068,4.6343268588549416,16.826609259931388,-4.928244711286765,0.4557109113902947,0.1344988228256236,6.897662393780273,6.930628458891153,-4.512942120652725,6.15841409907783,2.7541265118262306,0.4855804096085341,0.2171581608853748,1813.55827189379,2017.1430802492373,1813.55827189379,False,True,False,1.5186006103618268,2.1009206056692804,Leo_Minor_B,119.11366830756891,21.64366830756892,False,False,False,False,30.919028096930983,0.006
VFID2667,31.84852023075264,4.430088358745862,16.08257177534074,-4.7163463805704735,0.2243839868261058,0.0662248397716864,6.693423893671193,6.186590974300504,-4.3010437899364335,2.7840579058422343,1.245068546151789,0.2406344857024811,0.1076150135522898,1733.5475792628315,1948.252875289236,1733.5475792628315,False,True,False,2.697790532065449,2.7483122479036943,Coma_Berenices,172.81288371222973,47.637116287770255,False,False,False,False,30.92841286859561,0.0058
VFID2670,32.303342104097496,5.371321057427215,19.89690245578093,-5.669234486882359,0.6382374626002459,0.1883698310866783,7.634656592352547,10.000921654740695,-5.253931896248319,8.396269200525543,3.7549257379525858,4.287000487216081,1.9172049017979749,2137.470553958764,1918.014288649656,2137.470553958764,False,True,False,0.5074980391279186,0.5075615833756929,Leo_Minor_B,126.3660173671773,85.3839826328227,True,False,False,False,30.51076723698569,0.0071
VFID2677,32.23852023075263,5.211481595811929,19.30217137709096,-5.53768140699868,1.0733596335478155,0.3167920793037181,7.474817130737261,9.406190576050726,-5.12237881636464,17.661721780289852,7.898562100083343,1.002556857572512,0.4483570569681422,2074.6066510533865,1867.7117744644927,2074.6066510533865,False,True,False,0.6588281680917822,0.6668679956227246,Leo_Minor_B,123.97355415581076,12.973554155810774,True,False,False,False,30.551283483884003,0.0069
VFID2723,33.336858003520334,5.066673873178818,33.97156442286041,-1.9662698306613104,3.0586727732045733,0.9027387256314048,7.33000940810415,24.075583621820176,-1.5509672400272707,11.208222127919042,5.012469316988864,5.239379413343401,2.343121705629762,3440.355491109424,3440.355491109424,0.0,False,True,False,2.4674563640377563,2.497865072229459,Coma_Berenices,159.04604176211322,51.95395823788678,False,False,False,False,21.359710241236147,0.0115
VFID2727,33.26385911931538,4.86420366201651,32.85374329325406,-1.9007675586495751,1.2651104270735771,0.3733855366041206,7.127539196941841,22.957762492213828,-1.4854649680155356,14.545789995023192,6.5050750430616375,1.9771262450583096,0.8841977368098576,3326.6226761636576,3326.6226761636576,0.0,False,True,False,2.51579792513496,2.5214296061870467,Coma_Berenices,159.52011401189725,30.12988598810276,False,False,False,False,21.29881048952953,0.0111
VFID2760,33.62352598721028,6.453957770287643,38.43542336289633,-4.724119283217182,0.0098196107381834,0.0028981664732631,8.717293305212975,28.53944256185609,-4.308816692583142,0.0128860043998285,0.0057627963592756,0.0096407166855449,0.0043114595721389,3925.879064601708,2937.249931020057,3925.879064601708,True,False,False,1.2831436148448587,1.2893467822813207,Coma_Berenices,156.97852198743968,21.82147801256033,True,False,False,False,22.79712452339963,0.0131
VFID2764,33.258612332854185,5.444518361445063,32.49062734042954,-4.002909724814268,0.106194557360886,0.0313423326028166,7.707853896370395,22.594646539389306,-3.5876071341802285,0.4282491643358841,0.1915188485525031,0.1041565653380806,0.0465802320797693,3318.5944787331164,2967.1820743647463,3318.5944787331164,True,False,False,0.5108745419795255,0.5207952763272347,Coma_Berenices,159.6807331614456,87.6907331614456,True,False,False,False,22.781394980868303,0.0111
VFID2795,31.32541376812105,1.390515194835645,13.546368820486483,0.4291213611069009,0.6230351595710586,0.1838830132147381,3.653850729760976,3.650388019446249,0.8444239517409404,5.515129450896453,2.466440871383111,1.7957371954609702,0.8030780877551112,1362.430863824933,1715.0101778026838,1362.430863824933,False,False,True,2.4777902237446288,2.5191802616590087,Coma_Berenices,177.02900242803108,69.14900242803108,False,False,False,False,19.19269779187997,0.0045
VFID2881,30.570847635683947,0.6817435248799932,9.583540571189584,0.576036375604532,0.7253078993830432,0.2140678579661999,2.945079059805325,-0.312440229850651,0.9913389662385717,5.920815884760169,2.64786936011686,0.8605069882093264,0.3848304241499328,962.501127372702,1622.7441941025918,962.501127372702,False,False,False,1.2505019666873205,1.3584671611389738,Ursa_Major_Cloud,163.397249206171,69.60275079382899,True,False,False,False,17.9004498715034,0.0032
VFID3019,31.88879837735819,4.042714105244288,15.836992960864384,-6.687504481468457,0.5888410131193914,0.1737909299875772,6.30604964016962,5.941012159824149,-6.272201890834417,2.679693951072612,1.198395566698671,0.6726564727671329,0.3008211197225091,1766.0028300341703,1619.2310920274865,1766.0028300341703,False,True,False,0.2024523401562934,2.054763055185807,LeoII_B,108.26432001106836,39.73567998893165,False,False,False,False,33.07574085168523,0.0059
VFID3026,29.39833634763985,1.0754629779641132,5.2147236580087,-1.7643357579752832,0.1222095675651107,0.0360690134133267,3.338798512889445,-4.681257143031535,-1.3490331673412437,0.4804954899745889,0.2148841156930499,0.1264907856324139,0.0565683990402862,560.9174993993083,1919.3684382713457,560.9174993993083,False,False,False,0.2055976827082588,0.3683961866131433,Leo_Minor,168.88351658811075,32.306483411889246,True,False,False,False,28.876346068532783,0.0019
VFID3084,32.018336347639845,2.9384480060276306,17.81786169390177,-5.028545573035617,0.3808847901328921,0.1124145914100877,5.201783540952962,7.921880892861534,-4.613242982401577,2.258138130091846,1.0098700722939262,0.3519624147593,0.157402376985354,1874.5584616309936,1729.2399734744552,1874.5584616309936,True,False,False,3.0868763719178745,3.0895880172177246,Coma_Berenices,171.60871711715342,30.71871711715343,False,False,False,False,25.59703966570156,0.0063
VFID3105,32.14089470841075,3.471104703447915,18.527367495144112,-6.170598063516044,0.4083632134068247,0.12052459161213,5.734440238373247,8.631386694103877,-5.755295472882004,2.174208142085712,0.9723354405874346,0.5733418628779003,0.2564062759482696,1983.4016099214216,1474.1906135598456,1983.4016099214216,False,True,False,2.5693172365661754,2.6034811820714423,Leo_Minor_B,121.95651236802692,56.37348763197309,False,False,False,False,27.923040429459554,0.0066
VFID3156,32.44165636532787,3.654328150370443,21.37635250778317,-6.974811826741498,0.0764430042400987,0.0225614393392082,5.917663685295775,11.48037170674294,-6.559509236107458,0.4534022726337658,0.2027676605523986,0.0877145536681514,0.039227140923608,2278.048640363175,1668.4093897236623,2278.048640363175,False,False,True,2.689870589842386,2.7664207526886155,Leo_Minor_B,127.26256879590404,77.54256879590405,False,False,False,False,27.031374525618297,0.0076
VFID3174,32.64852023075263,2.8472253647577457,24.27118781533135,-5.538533262466218,0.0641917051674963,0.0189455827464341,5.110560899683078,14.375207014291114,-5.123230671832178,0.4854143880724643,0.2170839137972986,0.1473702790186084,0.0659059923497439,2505.738615546828,1892.301582771748,2505.738615546828,False,False,True,3.822604342289373,3.822784727626917,Coma_Berenices,165.142848040557,50.24715195944299,False,False,False,False,22.0012843929188,0.0084
VFID3221,31.80903835478497,2.988453394517651,15.499529587792551,-6.373433176412481,0.5742546503112547,0.1694859011239571,5.251788929442983,5.603548786752317,-5.9581305857784415,3.216229685151646,1.4383416414503654,0.734140891931502,0.328317787884233,1702.3129018727907,1702.3129018727907,0.0,False,False,False,0.6633183210898577,1.8859999611072489,LeoII_B,100.56800935856428,89.47800935856428,True,False,False,False,30.34100733372908,0.0057
VFID3253,30.580200907828605,-0.2239580477631995,9.610072791736354,1.019168583932337,0.3939554584180425,0.1162722771796332,2.039377487162132,-0.2859080093038812,1.4344711745663763,2.763924074533578,1.2360644230610551,0.5635690489495561,0.2520357406932227,966.6558895082776,1705.8460002718004,966.6558895082776,False,False,False,1.6185023956520597,1.6541815942402986,Canes_Venatici,147.8576682404297,65.51233175957032,True,True,True,True,14.263295514251013,0.0032
VFID3300,31.94833634763985,3.4614112377472304,16.055253666577286,-7.726828889234772,0.5558671738161359,0.1640590090274253,5.724746772672562,6.1592728655370514,-7.311526298600732,1.979630352702202,0.8853176077928017,0.6726564727671329,0.3008211197225091,1815.0934486644464,1568.6987534403663,1815.0934486644464,True,False,False,0.933658947156518,2.399556087575713,LeoII_A,142.71481366468132,77.75518633531868,False,False,False,False,33.230350857666615,0.0061
VFID3459,31.823479463795486,1.652701894710078,15.993991718860087,-5.926875931860768,0.2963032261243529,0.0874511321038532,3.9160374296354097,6.0980109178198525,-5.511573341226728,2.263657328190047,1.0123383327196993,0.2698623809193439,0.120686125661119,1713.671651651546,1566.409240337067,1713.671651651546,False,False,True,1.4762387145350124,2.741246190662008,LeoII_B,93.92441221363352,25.035587786366463,False,False,False,False,25.615328603296188,0.0057
VFID3502,31.13852023075264,-0.4888754966947867,12.480735565805537,-0.5106586590655529,0.5031294922230438,0.1484939744506067,1.7744600382305449,2.584754764765302,-0.0953560684315132,1.5906395071008002,0.7113556131148296,0.505328531326082,0.2259897894030502,1250.07412492584,251.26239244292668,1250.07412492584,False,False,False,2.9742630964372254,3.0025229317082003,Coma_Berenices,177.27624251773452,84.16375992367173,False,True,True,False,10.630624014010472,0.0042
VFID3564,31.48380228521421,1.5897169618754423,13.24487690336315,-6.068059434252851,0.7091383443761267,0.2092955646993797,3.8530524968007738,3.3488961023229145,-5.652756843618811,2.936947750492046,1.313442963293061,1.4401969349581631,0.6440756495106592,1465.521441336639,1559.048282288783,1465.521441336639,True,False,False,0.7391467670367582,0.8569231103596349,LeoII_A,159.17253809286888,38.40746190713111,True,False,False,False,29.1861103797249,0.0049
VFID3654,31.98968899440837,-0.0401591097368582,17.98521680339648,-4.333229846751493,0.2529225479101323,0.0746477297552253,2.2231764251884734,8.089236002356245,-3.9179272561174536,3.160046073485144,1.4132155664688155,0.3469967330018483,0.1551816565924955,1849.9905867978027,1849.9905867978027,0.0,True,False,False,4.485035900348751,4.63354578863702,Coma_Berenices,172.56943624351996,78.31056375648004,False,False,False,False,16.868419801448255,0.0062
VFID3757,30.48833634763985,-1.0646438647684318,9.203751465175738,0.1374590028471626,1.364738352323734,0.4027897890189349,1.1986916701569,-0.6922293358644964,0.5527615934812022,4.168120171560014,1.864040008399256,2.146641868619789,0.960007428316204,926.6142809658038,2080.8931213746814,926.6142809658038,False,False,False,2.6721299903707227,2.734934406940372,Canes_Venatici,127.38049069785396,66.13049069785397,False,True,True,True,7.047623742483482,0.0031
VFID3822,32.35852023075263,-2.6510514597014527,21.75948329211693,-0.4403928627513648,1.249081182859912,0.3686546547585552,-0.387715924776121,11.86350249107669,-0.0250902721173252,5.319868712124265,2.379117614336823,1.1265086283302257,0.503789974037286,2192.480633564327,2142.0398206283426,2192.480633564327,False,False,False,1.870415714424472,1.876676072181336,W-M_Sheet,156.81721917597724,86.30721917597724,True,True,True,False,6.051960748129749,0.0073
VFID3884,32.99852023075263,-5.967258433427841,19.92081715637381,20.83886583117557,0.0833696976436078,0.0246057882577007,-3.7039228985025097,10.02483635533358,21.254168421809613,0.9486147882243424,0.4242334301862394,0.1556038105816842,0.0695881396037294,2943.9861727235234,3521.161992748946,2943.9861727235234,True,False,False,1.3143382020982448,3.818891501255373,Serpens,62.29608965051338,61.17608965051338,False,False,False,False,47.522758387711626,0.0098
VFID3891,31.983434259303188,-0.6946133889326389,17.73495836857388,-5.0268605807504905,0.5126608225794642,0.1513070576594104,1.5687221459926928,7.838977567533647,-4.6115579901164505,13.8385134646133,6.188771362884294,1.135796845942147,0.5079437912312993,1844.669518893388,1695.9686947759346,1844.669518893388,False,True,False,3.1991725144907623,5.178935453120948,LeoII_B,89.80233570400974,30.78233570400973,False,False,False,False,17.067324257219738,0.0062
VFID3958,32.06852023075263,0.3412894393800583,17.523592520824575,-7.7991871723136095,0.2049401949608212,0.0604861860511319,2.60462497430539,7.62761171978434,-7.3838845816795695,2.2953703634112963,1.026520833225211,0.1798361401087028,0.0804251668188472,1918.3849818691565,1553.4377697751404,1918.3849818691565,False,False,True,2.243012279444722,4.937481865500844,LeoII_A,155.78318198374762,9.283181983747625,False,False,False,False,25.528192817524165,0.0064
VFID3961,31.78005431953892,-0.5206414571440962,15.960248015817466,-5.210828853256473,1.4154030683351797,0.4177430071491407,1.7426940777812354,6.064267214777232,-4.795526262622433,16.56369020243632,7.407507450178972,2.008802260059842,0.8983636813698035,1679.7420087359626,1666.5416879995878,1679.7420087359626,False,True,False,3.079043612359661,3.842023319077386,LeoII_B,89.80233570400974,27.96766429599026,False,False,False,False,19.0814268032196,0.0056
VFID3966,30.96421668828168,-0.6193682168857952,11.117528097445176,-3.018010800121872,0.4464693518607101,0.1317712627722337,1.6439673180395364,1.2215472964049423,-2.6027082094878327,3.971129036840463,1.7759428947597082,0.4300150375320314,0.1923085710537491,1153.6526217853602,1416.8461005016643,1153.6526217853602,False,True,False,2.985321446337697,3.4727335811218145,Coma_Berenices,177.27624251773452,21.923757482265472,False,False,False,False,15.993750087146864,0.0038
VFID3979,30.96851954645497,-1.6524147888665486,11.436524912299632,-0.308802327687578,10.463780207286252,3.08828708071183,0.6109207460587831,1.540544111259397,0.1065002629464615,55.58301626936712,24.857480554556325,9.857057686203948,4.408210208897764,1155.940896333806,2296.547867865222,1155.940896333806,False,False,False,3.8504855863525824,4.000455629973533,Canes_Venatici,177.83794204069306,5.157942040693058,False,True,True,True,4.728677477750418,0.0039
VFID3980,31.86833634763985,-0.9780505467293862,16.841181996867288,-4.633783411989103,0.5133302620074107,0.1515046364593939,1.2852849881959454,6.945201195827053,-4.218480821355063,4.760917078192336,2.129146844415549,0.6581309984978375,0.2943251301481953,1749.4397464125188,1421.190722426691,1749.4397464125188,False,True,False,3.415808961041797,4.666169351341479,LeoII_B,89.80233570400974,34.587664295990265,False,False,False,False,16.06946083776222,0.0058
VFID3985,32.27872745681898,-1.252150969612173,20.357347843391235,-5.535993437083211,0.0811750058525191,0.0239580454563139,1.0111845653131584,10.461367042351,-5.120690846449171,1.0857429361123514,0.4855590022474857,0.0803312564206328,0.0359252300149002,2113.378140804326,1090.860047040089,2113.378140804326,False,True,False,4.015277903704046,4.2050440064410575,W-M_Sheet,156.81721917597724,43.40278082402276,False,False,False,False,15.817261299254346,0.007
VFID3993,32.01440373941693,-1.0750558877165726,17.992468600807804,-5.024120862162524,0.2680936304148765,0.0791253331807245,1.1882796472087591,8.09648779976757,-4.6088182715284844,4.026301028283441,1.8006165594238157,0.2783044278539541,0.1244615238241254,1871.1666466415693,1609.9217100350534,1871.1666466415693,False,True,False,3.703191614762099,5.174318345182979,W-M_Sheet,156.81721917597724,,False,False,False,False,16.188195489259535,0.0062
VFID3994,30.86852023075263,-1.662563448309263,10.911942574433096,-0.1682214095613758,11.937021969264984,3.523100638542095,0.6007720866160686,1.0159617733928616,0.2470811810726637,33.78079517377305,15.10723086851067,17.64476415804533,7.89097842086824,1103.915333755331,2101.384018740792,1103.915333755331,False,False,False,3.63875451691762,3.781296443902006,Canes_Venatici,166.61827493719088,35.358274937190885,False,True,True,True,4.466519109174752,0.0037
VFID4016,32.43888862353429,-3.4992833282050766,22.47834000761534,-0.329532291478759,1.7164179552960015,0.5065847419798968,-1.235947793279745,12.582359206575106,0.0857702991552805,14.586273242357128,6.52317970165936,2.0353680000807386,0.9102442414816658,2275.1469069933523,2114.679106679312,2275.1469069933523,False,False,False,1.8225272101024723,2.0204008104908007,W-M_Sheet,156.81721917597724,65.84278082402275,False,True,True,False,4.307023895124614,0.0076
VFID4029,32.294843478152565,-1.190327513522064,20.38253710319135,-6.037472558965701,0.0795303666698786,0.0234726455492474,1.0730080214032678,10.486556302151117,-5.622169968331661,1.123330727293955,0.5023687734887123,0.0707279345906883,0.0316304939305875,2129.121352231205,1904.325879778384,2129.121352231205,True,False,False,4.47668589721382,4.640944738275062,W-M_Sheet,156.81721917597724,55.18278082402276,False,False,False,False,16.963675715655047,0.0071
VFID4046,31.318520230752632,-2.0277185787812875,13.41671977319564,-0.5718047366125903,2.7066375179471067,0.7988388052173957,0.2356169561440442,3.5207389721554065,-0.1565021459785507,41.084795170169215,18.37367896843068,2.703160417860166,1.2088900896844137,1358.1125607401116,2144.146939115108,1358.1125607401116,False,False,False,4.3767993270392855,4.408174653395438,Coma_Berenices,177.27624251773452,33.783757482265486,False,True,True,False,4.285289029007163,0.0045
VFID4051,32.29484080440466,-3.1912399087290573,21.031149267579035,-0.9063140970790768,4.290734262075111,1.2663701765359214,-0.9279043738037256,11.1351684665388,-0.4910115064450371,12.317096719930955,5.508373110241061,11.556254976987567,5.168114338772893,2129.1187306320417,2129.1187306320417,0.0,False,False,False,1.2779101267053352,1.373322501201712,W-M_Sheet,156.81721917597724,8.942780824022748,True,True,True,False,4.251917566968512,0.0071
VFID4057,31.89852023075264,-3.0525046576519954,17.466079372071437,0.5477395559244491,0.1456828014907683,0.0429969193554505,-0.7891691227266637,7.570098571031202,0.9630421465584886,2.5988337815377123,1.1622337995482326,0.1584168339080399,0.0708461618797341,1773.9270896449234,293.06166992782335,1773.9270896449234,False,False,False,3.0769438036315835,4.671522680159547,W-M_Sheet,158.78104043256408,81.94104043256408,False,True,True,False,5.0717375176259925,0.0059
VFID4092,28.06987164827536,-0.386761143705644,2.991239870252698,-0.3983216684153763,0.0759397419293692,0.0224129061646149,1.876574391219688,-6.904740930787536,0.0169809222186632,1.0421446197226454,0.4660612424171005,0.1230516386817452,0.0550303657670249,304.23281044619574,304.23281044619574,0.0,False,False,False,1.0396953509118336,1.0490729356014743,Ursa_Major_Cloud,155.37203586743888,49.50203586743888,True,True,True,False,7.550489009194382,0.001
VFID4115,30.684309044595203,-1.9348316172690003,9.933350010809871,0.6564310818825085,1.5314115200179756,0.4519818190783027,0.3285039176563313,0.037369209769638,1.071733672516548,3.192505108546384,1.4277316882450115,1.5457468800270306,0.6912790199497304,1014.1297628494184,2233.1748833920983,1014.1297628494184,False,False,False,3.292290041064182,3.3587771133100466,Canes_Venatici,147.8576682404297,11.172331759570312,False,True,True,True,6.33310948269151,0.0034
VFID4119,30.90352598721028,-1.7589880543861525,11.062300015158169,-0.6224573933417371,11.178782714384242,3.299313398314497,0.5043474805391792,1.1663192141179335,-0.2071548027076975,82.6866172311011,36.9785793916495,18.143140973054496,8.113859308222306,1121.8554889439522,2104.7508433861267,1121.8554889439522,False,False,False,4.040627156227188,4.177289163073993,Canes_Venatici,169.7566963316757,,False,True,True,True,3.93365765722192,0.0037
VFID4135,30.878520230752635,-1.8092417986505471,10.930664330699628,-0.4875565644996086,16.356940845701725,4.8275984484625525,0.4540937362747845,1.034683529659393,-0.072253973865569,207.99803007451263,93.0195468865312,15.72659037975012,7.0331450286831,1109.0107754210508,-182.33908397226347,1109.0107754210508,False,False,False,3.955725206614489,4.091978593547086,Canes_Venatici,166.61827493719088,42.338276157894,False,False,True,True,3.485670271129919,0.0037
VFID4143,30.807364898077463,-1.8874081969119887,10.564899106850016,-0.0957617687208294,21.321515730565267,6.292846396567801,0.375927338013343,0.6689183058097825,0.3195408219132101,62.653728526515145,28.01959920582112,25.13172136718054,11.239247473719926,1073.2593962134197,2450.4819862625145,1073.2593962134197,False,False,False,3.712114699543119,3.825261286552857,Canes_Venatici,159.67208337953798,63.65791662046202,False,True,True,True,3.306330827532675,0.0036
VFID4164,30.77005431953892,-1.878127300340484,10.380254527642892,-0.1427998302552493,16.86956153837542,4.978893662154765,0.385208234584848,0.4842737266026571,0.2725027603787902,110.6067295655883,49.46483321551824,43.92541770792918,19.64404398700053,1054.976009236494,2598.9032188055967,1054.976009236494,False,False,False,3.701068803680822,3.80009941800336,Canes_Venatici,155.89103282655728,4.881032826557288,False,False,True,True,3.0579808430554447,0.0035
VFID4165,33.033525987210275,-3.108370000749942,28.97821673127888,-6.760597937420619,0.0908381753109553,0.0268100397457617,-0.845034465824611,19.08223593023864,-6.345295346786579,1.1407763808571745,0.5101707069445665,0.0847337027259234,0.0378940638560848,2991.8300310311565,3471.045570710684,2991.8300310311565,False,True,False,4.620583667972388,8.700265140117834,W-M_Sheet,156.81721917597724,76.18278082402276,False,False,False,False,12.633220601626984,0.01
VFID4168,31.46380228521421,-2.2879484940601764,14.2911707806621,-1.175987976679002,1.6610229033076254,0.4902354093293564,-0.0246129591348447,4.395189979621865,-0.7606853860449625,27.842789013177807,12.451673783329973,2.25032766075893,1.0063771242210109,1452.085460001635,230.46338971008151,1452.085460001635,False,False,False,4.4906719438878175,4.703680979642317,Coma_Berenices,177.27624251773452,71.84624251773451,False,True,True,False,4.425903138845229,0.0048
VFID4170,30.80357203850521,-1.9912792137953697,10.526632899101692,0.1081099938552601,15.895573939422995,4.691430311527066,0.272056321129962,0.6306520980614572,0.5234125844892997,25.1159735698532,11.232204844655964,23.255472743715124,10.400163580768112,1071.3863956132493,317.2588068633216,1071.3863956132493,False,False,False,3.685924059445954,3.790732402369312,Canes_Venatici,159.67208337953798,49.74208337953797,False,True,True,True,3.6389359514072,0.0036
VFID4177,32.55833634763985,-6.1023291551793815,16.843084947403607,16.028077376401516,0.2013441149406008,0.059424836591601,-3.8389936202540498,6.9471041463633725,16.443379967035554,1.6377627569252369,0.7324297711004589,0.3220963175525125,0.1440458522699553,2403.803644326051,2194.672171638104,2403.803644326051,False,True,False,0.95263910824602,2.049714456224541,Serpens,59.43955615770045,40.26955615770044,False,False,False,False,44.6205885521899,0.008
VFID4179,31.818520230752632,-4.342312359851368,11.981821814820616,11.397763853980528,0.0392315758975057,0.0115788335190628,-2.0789768249260363,2.0858410137803816,11.813066444614568,0.3254316863045757,0.1455374745218837,0.0412890888409721,0.0184650418754883,1709.7624147925765,2237.608051224735,1709.7624147925765,False,True,False,1.0186108807980294,1.0511734027630029,Serpens,54.09060851693724,,True,False,False,False,44.609817795891416,0.0057
VFID4183,31.15833634763985,-2.5084830681772954,12.347927200361127,0.6188953413934183,1.7552251654699869,0.518038327915822,-0.2451475332519637,2.451946399320894,1.034197932027458,8.288923678849708,3.706919361243117,1.697702166698709,0.7592354900573988,1261.5340855179018,1110.9225755879363,1261.5340855179018,False,False,False,4.092621359050429,4.114053916017011,VirgoIII,92.16785955029206,66.27785955029206,False,True,True,False,5.341117399311806,0.0042
VFID4188,30.82089470841074,-1.9373511444697,10.62160868906924,-0.2471156980689528,25.96055513058616,7.662015584202455,0.3259843904556314,0.7256278880290044,0.1681868925650867,110.6067295655883,49.46483321551824,38.86229834445461,17.379748172015606,1079.9674382541416,2400.300011721576,1079.9674382541416,False,False,False,3.8415487040718825,3.9646288504876095,Canes_Venatici,159.67208337953798,54.512083379537984,False,True,True,True,2.74555748109508,0.0036
VFID4194,30.928520230752632,-1.9809863558347944,11.163377806877817,-0.4914694463271109,17.043189874549793,5.030138445285761,0.2823491790905374,1.26739700583758,-0.0761668556930713,146.15508776388774,65.36254229950013,19.076042654582444,8.531065623466377,1134.842954852207,-283.6483839793754,1134.842954852207,False,False,False,4.121651284421114,4.282001634960889,Canes_Venatici,169.7566963316757,37.08669816273039,False,False,True,True,2.8210190416014376,0.0038
VFID4203,30.55656397713562,-1.6976957136421342,9.403557284526888,-0.3478577853345922,14.60139314426447,4.30946492706588,0.5656398212831975,-0.4924235165133481,0.0674448052994473,45.8133506625726,20.48835327170947,26.83204833976617,11.999656812655507,956.1906994858056,2131.045086268532,956.1906994858056,False,False,False,3.354808111985796,3.554999359676754,Ursa_Major_Cloud,162.43022427688751,56.76977572311249,False,True,True,True,2.659430299562173,0.0032
VFID4220,31.88347434574411,-0.7760856665112961,16.29022610527928,-6.661624799196977,0.3982763182877784,0.1175475386481395,1.4872498684140356,6.394245304239046,-6.246322208562937,1.4040945754033511,0.6279301834881195,0.446901732996142,0.1998605308483668,1761.6782353431142,1761.6782353431142,0.0,False,False,True,1.678624481788202,4.172553584046036,LeoII_A,162.03289372147012,,False,False,False,False,22.189361990776383,0.0059
VFID4226,30.93713176406941,-0.813962163272888,10.74839996613701,-3.690765981742473,0.3317770304258681,0.0979208944036943,1.4493733716524435,0.8524191650967747,-3.275463391108433,3.39478409063644,1.5181935991195776,0.384241998839224,0.17183824584298,1139.3524027590472,1450.664670866449,1139.3524027590472,False,False,True,3.2831101370773568,3.6114762174218,LeoII_A,163.5278340773421,,False,False,False,False,18.55487548631825,0.0038
VFID4282,31.18852023075263,-2.443650647733962,12.551907116113636,-0.3338263771413214,11.797540725200577,3.481934050988414,-0.1803151128086302,2.655926315073401,0.0814762134927181,118.17740694851798,52.85054306830845,14.639429037707462,6.546951696019643,1279.192091868106,2550.001467042884,1279.192091868106,False,False,False,4.846196016623175,4.858094720609935,Coma_Berenices,177.27624251773452,39.02624251773452,False,True,True,True,2.048335885756863,0.0043
VFID4283,30.8588278382814,-1.9180214690927493,10.786261881253052,-0.8704154105663826,10.12763234509182,2.989076176100025,0.3453140658325819,0.8902810802128176,-0.455112819932343,61.509573410599046,27.507917482622613,12.47813541731092,5.580391805110985,1098.9989750396712,2654.428954361513,1098.9989750396712,False,False,False,4.229892343421055,4.38208516603586,Canes_Venatici,159.67208337953798,,False,False,True,True,3.556517639324863,0.0037
VFID4291,31.50835782245893,-3.0306083999685307,14.506620927522643,0.2479516304918331,1.6872378590465804,0.4979725088790653,-0.767272865043199,4.610640126482409,0.6632542211258727,10.771687311735704,4.8172450122826005,3.701478657600713,1.6553515791319726,1482.1879706024513,146.32185633968024,1482.1879706024513,False,False,False,4.010214886402964,4.767426121351243,VirgoIII,92.16785955029206,59.50785970287996,False,True,True,False,3.474137850246457,0.0049
VFID4311,32.30989822663796,-4.8309558846490654,20.809548066139865,1.8082520520820784,0.7584840246148761,0.2238594817304494,-2.5676203497237338,10.91356726509963,2.2235546427161177,2.4095191799226385,1.0775697358793133,1.23234020708659,0.5511192948903567,2143.933769873197,2312.2433500985,2143.933769873197,True,False,False,3.7889147356745534,3.788998023838547,W-M_Sheet,159.4503098468078,71.45030984680781,False,False,False,False,7.183350320297894,0.0072
VFID4321,32.213525987210275,-3.1865669496912075,20.02038458877057,-3.103935249588953,0.57074265293146,0.168449367871093,-0.9232314147658758,10.124403787730335,-2.688632658954913,2.898669682874705,1.29632449104512,0.8482270970294354,0.3793386898630255,2050.864261819361,2065.062983169116,2050.864261819361,False,False,False,1.1172233272879657,1.8254882022410768,W-M_Sheet,157.034620104416,12.434620104416013,True,True,True,False,7.420602241989913,0.0068
VFID4334,33.06505563974941,-5.339040828575595,29.739314558903303,-2.923585036375992,0.0560305459800024,0.0165368927717709,-3.075705293650263,19.84333375786307,-2.5082824457419526,0.3885343660300873,0.173757850807612,0.0509412200272385,0.0227816061675358,3035.5881421357485,2572.9590251697773,3035.5881421357485,False,True,False,6.199030449988884,6.756283387190648,NGC5353_4,15.607320555746496,75.3873205557465,False,False,False,False,4.173532589069435,0.0101
VFID4353,31.08833634763985,-2.183204275940576,11.962730493800562,-1.1561638137223271,13.83010137947366,4.0818253603436885,0.080131258984756,2.066749692760327,-0.7408612230882878,65.30352620710971,29.204624753907265,19.872144466251616,8.887093177046978,1221.5155199257683,-167.8375269040802,1221.5155199257683,False,False,False,4.390575747399858,4.487779529427884,Coma_Berenices,177.27624251773452,76.32375595638658,False,False,True,True,3.994887177461408,0.0041
VFID4382,31.01476780290045,-2.596888038965383,11.511811580956822,0.4110576561883668,8.87151114443985,2.6183437257872346,-0.3335525040400511,1.6158307799165872,0.8263602468224064,27.424236965290365,12.26449161709036,16.032644387886325,7.170016542078867,1180.8242958166304,2107.686982571563,1180.8242958166304,False,False,False,4.174175894792183,4.194925814887875,VirgoIII,92.16785955029206,70.44214044970795,False,True,True,True,4.340964608814011,0.0039
VFID4387,31.85352598721028,-0.4886042648243354,15.52673740172723,-7.783902912714661,0.1709428972462709,0.0504522008917485,1.7747312701009963,5.630756600686995,-7.368600322080621,1.1858175458832887,0.5303137283014019,0.1571163364067065,0.0702645617162241,1737.5484252945805,1543.0410292200693,1737.5484252945805,False,True,False,1.7322483728350864,3.513255519076339,LeoII_A,162.03289372147012,64.25289372147012,False,False,False,False,26.49732329225149,0.0058
VFID4445,32.24989517741875,-3.836654495469949,20.382515493250697,-2.1829551442012023,2.791138939344641,0.8237786111798788,-1.5733189605446167,10.486534692210462,-1.7676525535671628,10.64635283851226,4.76119373187225,5.577577179691997,2.494368344708573,2085.502694104731,2397.24537692104,2085.502694104731,False,True,False,0.4431725276478419,0.9347852321954868,W-M_Sheet,157.90411791878108,71.24411791878109,True,False,False,False,4.283503236326319,0.007
VFID4450,31.208336347639847,-2.1566693319921675,12.570823440559522,-1.9925759948267685,1.1028648718914609,0.3255002750594501,0.1066662029331642,2.6748426395192872,-1.5772734041927288,2.326655862645883,1.0405121338249217,1.1326843572665517,0.5065518439797333,1290.918989233779,285.70727889147645,1290.918989233779,False,False,False,4.303177440821109,4.315125330275371,Coma_Berenices,177.27624251773452,,False,True,True,False,7.247728188775005,0.0043
VFID4453,33.00610982824292,-6.40229948779868,28.840771818130914,-0.0750816594979417,0.0852408904754915,0.0251580533601541,-4.138963952873349,18.94479101709068,0.3402209311360978,0.5676056239968591,0.2538409519336325,0.0893450004898676,0.0399562989090192,2954.293815876401,2954.293815876401,0.0,False,True,False,3.184099945337457,3.670606346799149,NGC5353_4,15.542264638465356,63.342264638465366,False,False,False,False,2.227445134302874,0.0099
VFID4464,31.53089470841074,-2.835829143163442,14.636775370740164,-1.4208355037952876,2.256647855930894,0.666028555754122,-0.5724936082381102,4.740794569699929,-1.005532913161248,12.58883642013228,5.629898798608176,4.271305652039949,1.9101859581280776,1497.6511399907731,88.19066352908092,1497.6511399907731,False,False,False,5.003358420388253,5.298946676432618,Coma_Berenices,177.27624251773452,58.69375870296861,False,True,True,False,3.643766589395534,0.005
VFID4473,31.57852023075263,-3.4107305167030386,14.922601639547649,0.1908534198063223,2.2629057063782674,0.6678755019157199,-1.147394981777707,5.026620838507412,0.6061560104403619,8.825927260351015,3.947074663722671,2.520768000492152,1.1273217209213349,1530.861023666261,-189.8429902698356,1530.861023666261,False,False,False,3.8341936750760777,4.864717641715151,VirgoIII,92.16785955029206,45.84214044970793,False,True,True,False,3.0570284111305286,0.0051
VFID4479,31.22691987973791,-3.0720107969372554,12.627710556643368,0.7923092119026163,0.992755351099538,0.2930024775342041,-0.8086752620119237,2.731729755603132,1.2076118025366558,5.666659079991003,2.53420698163526,0.8819812612763853,0.3944340110190001,1302.0141248317054,1302.0141248317054,0.0,False,False,False,3.570189909018119,3.638008082488609,VirgoIII,92.16785955029206,74.15214044970793,False,True,True,False,5.884705230776635,0.0043
VFID4496,32.738520230752634,-4.915372122427381,25.502382523411043,-2.7576229910215164,2.2445874926299383,0.6624690520725466,-2.652036587502049,15.606401722370808,-2.342320400387477,50.448547872025024,22.561276481600064,3.65511515642378,1.63461719107067,2611.775032488303,2699.7739338495644,2611.775032488303,False,True,False,1.6233484601080703,4.220727610312142,W-M_Sheet,156.81721917597724,67.10721917597725,False,False,False,False,4.206629975183107,0.0087
VFID4507,30.89352598721028,-2.525320664009904,10.87621730330466,0.1810304370760543,18.904555796965568,5.579503227113948,-0.2619851290845716,0.9802365022644252,0.5963330277100939,31.02721526545456,13.875792497215116,19.288147446113705,8.62592176990984,1116.701031180356,957.0,1116.701031180356,False,False,False,4.17492734052643,4.291326260189729,Canes_Venatici,166.61827493719088,43.70827493719088,False,True,True,True,3.2770171039468603,0.0037
VFID4510,30.788520230752635,-2.182712317004744,10.396232072571427,-0.6005576447317964,13.069448867719377,3.8573258698702553,0.0806232179205883,0.5002512715311926,-0.1852550540977568,132.09548273431716,59.07489578291659,11.655675393543596,5.212576500727018,1063.985638296931,92.52235256686195,1063.985638296931,False,False,False,4.189416520796931,4.307626811631721,Canes_Venatici,151.93963644322318,62.99963400181693,False,True,True,True,1.3589423178259483,0.0035
VFID4723,31.044716284308585,-2.666746696501612,11.661140128695424,-0.4904229415707943,173.61985115062103,51.24227885541878,-0.4034111615762801,1.765159327655189,-0.0751203509367547,240.27088710603672,107.45240731665515,190.2098284940105,85.0644213002368,1197.2227934097814,957.0,1197.2227934097814,False,False,False,4.818348074167601,4.825761913137463,VirgoIII,92.16785955029206,,False,False,True,True,0.0051931956912562,0.004
VFID4731,29.03852023075263,-1.139272093000202,4.613466084347345,0.0752652769068801,0.1755055143745723,0.0517988147590539,1.1240634419251296,-5.28251471669289,0.4905678675409197,3.69673262806362,1.6532290901983404,0.374201962275366,0.167348204992306,475.2649269115085,236.4659722758872,475.2649269115085,False,False,False,1.818314086421477,1.8261066552150809,Ursa_Major_Cloud,158.53114909057405,87.11114909057405,True,True,True,False,3.3970846161900297,0.0016
VFID4778,32.27628926327833,-4.5858085866408365,20.553487839568817,-1.4694711012366592,4.539579001165187,1.339814379071813,-2.3224730517155048,10.657507038528582,-1.0541685106026195,23.904097158666968,10.690237237507782,4.989068071113255,2.231179070276599,2111.006508947762,2559.234448440845,2111.006508947762,False,False,False,0.5629657943944855,0.7069677817230485,W-M_Sheet,158.78104043256408,86.54104043256409,True,True,True,False,1.6767994968315192,0.007
VFID4810,32.498520230752625,-5.890504585778928,22.60750519484001,1.0280268204991116,1.1804210503778905,0.348390257389377,-3.627169050853596,12.711524393799774,1.4433294111331512,5.8084538851337,2.597619546266342,1.505133434528005,0.6731161349624696,2338.49133963217,2171.8889503101414,2338.49133963217,False,False,False,3.0205321495115376,3.547403354294873,W-M_Sheet,159.90492653295425,39.61492653295424,False,True,True,False,5.157810015285616,0.0078
VFID4816,32.57852023075264,-2.4379879258587454,22.401866468479096,-8.993447027523217,0.0580906250249703,0.0171449058773395,-0.1746523909334136,12.50588566743886,-8.578144436889177,0.3634581979197263,0.1625434475056161,0.0632734901920907,0.0282967650486362,2426.251215012714,1878.74918847802,2426.251215012714,False,False,True,6.912267313216168,6.957896889974045,W-M_Sheet,156.81721917597724,23.98278082402277,False,False,False,False,20.470073009940897,0.0081
VFID4845,30.628520230752635,-2.3976374060600603,9.588838161239812,-0.0183411064854524,10.250885869523,3.02545330364022,-0.1343018711347285,-0.3071426398004231,0.396961484148587,48.83563178264389,21.8399584780282,12.16362524813412,5.439738581532128,988.4068939944442,2121.499722258536,988.4068939944442,False,False,False,3.894028617641822,3.9827265176900393,Canes_Venatici,131.2940468568964,63.02595314310358,False,True,True,True,2.5173028638665853,0.0033
VFID4853,31.34852023075263,-3.3498280012423423,13.356383081323573,-0.0133224815370397,2.2491767785383234,0.6638235369814219,-1.0864924663170106,3.460402280283338,0.4019801090969999,36.30616675198709,16.23661137197718,2.0514595557148683,0.9174406039339926,1377.0057884463963,2521.117342384025,1377.0057884463963,False,True,False,4.038775626744242,4.28374362531283,VirgoIII,92.16785955029206,89.82785955029206,False,False,False,False,2.581324134227287,0.0046
VFID4861,31.327359678148994,-3.277371582539197,13.2351246316941,-0.2123115488895012,3.260690009195366,0.9623622276194383,-1.0140360476138652,3.339143830653864,0.2029910417445383,119.48789329039816,53.436610377114256,3.730398505675728,1.6682849283709125,1363.652318959283,2124.880110938799,1363.652318959283,False,False,False,4.245851976979707,4.442345794064175,VirgoIII,92.16785955029206,1.9478595502920653,False,True,True,False,1.776232043077962,0.0045
VFID4886,29.87852023075263,-0.4442063162179121,6.214507583078837,-3.1852742782020966,1.563560321603734,0.4614702378553457,1.8191292187074195,-3.681473217961398,-2.769971687568057,44.30812139708846,19.81519427984055,5.162138625730285,2.3085785752820525,699.7384938595857,619.4563875227199,699.7384938595857,False,True,False,1.6560627190573798,2.3579043852451287,Leo_Minor,172.14426629432216,18.53573370567784,False,False,False,False,26.13107580948968,0.0023
VFID4949,31.28833634763985,-1.9024135212645104,12.590211528192649,-4.154189770164637,0.4190041795035504,0.1236651734546201,0.3609220136608213,2.694230727152412,-3.738887179530597,1.4342915279104018,0.6414346711919391,0.527835591925768,0.2360552528979712,1339.3651338491145,990.0278327064632,1339.3651338491145,False,True,False,3.4751555075177945,3.491473750043657,LeoII_A,163.5278340773421,66.06783407734214,False,False,False,False,16.279411780502585,0.0045
VFID4961,31.640517775786524,-3.9069875846750137,15.255408379111232,-0.3646613022965831,1.9706138708244776,0.581608294304674,-1.643652049749682,5.3594275780709975,0.0506412883374564,8.202847776180672,3.668425047324592,2.243200698906948,1.0031898499861946,1575.1984467541051,2521.388135441197,1575.1984467541051,False,False,False,4.090218985941271,5.2723789279461055,VirgoIII,92.16785955029206,3.177859550292069,False,True,True,False,1.7965201377833746,0.0053
VFID4962,31.25550973141776,-3.276678214655314,12.77566103761675,-0.3052566002773746,8.185978350876926,2.416015119124564,-1.0133426797299825,2.879680236576516,0.1100459903566649,184.22281726171263,82.38694848074222,9.562430292907372,4.276448833008822,1319.269936982149,2500.487997449348,1319.269936982149,False,False,False,4.325489223341661,4.40766150973644,VirgoIII,92.16785955029206,63.54785955029206,False,True,True,False,1.8134708965828827,0.0044
VFID5030,32.13833634763985,-2.509820598605712,18.24643616373026,-7.29593712049444,0.0851444648062189,0.0251295942237078,-0.2464850636803803,8.350455362690024,-6.880634529860401,0.6030374965956763,0.269686567073846,0.0621708242511197,0.0278036378485392,1981.0662042962565,1906.423211477664,1981.0662042962565,False,False,True,5.22421489236521,6.211381446732756,W-M_Sheet,156.81721917597724,29.48278082402277,False,False,False,False,19.883911735671504,0.0066
VFID5154,31.57495263175717,-5.352624872093282,12.648233611465612,6.704949439138728,0.1386693530709733,0.0409269655034946,-3.08928933716795,2.752252810425377,7.120252029772768,0.7589823971888474,0.3394272467680016,0.1397648861716422,0.0625047572694624,1528.347975733821,1678.9186225671965,1528.347975733821,True,False,False,1.496298760271605,1.4968672812423838,VirgoIII,97.90715294362462,43.84715294362462,True,False,False,False,29.98499976460674,0.0051
VFID5176,32.92852023075263,-8.336567158716022,27.23485669724393,1.1637601949023422,0.5113734844789141,0.1509271118324072,-6.07323162379069,17.338875896203703,1.5790627855363817,3.663939624861754,1.638563613329192,1.2857872339129317,0.5750215319261476,2850.5966201874908,3040.700033953931,2850.5966201874908,False,True,False,1.192583313443932,1.197240006723673,NGC5353_4,15.736043342102793,37.9939566578972,True,False,False,False,6.247191034456459,0.0095
VFID5194,31.068520230752632,-3.0040384180867026,11.638562609939893,-1.425149758109359,3.4638012945241776,1.022308628059975,-0.7407028831613709,1.742581808899658,-1.0098471674753196,9.33740625871234,4.175815025602556,3.044376079524449,1.3614863725781947,1210.4190938508484,304.3332896475697,1210.4190938508484,False,False,False,5.170454376036742,5.320149057383264,Coma_Berenices,177.27624251773452,55.10624251773452,False,True,True,True,4.694556028425738,0.004
VFID5222,30.79852023075264,-2.844883214877404,10.27569016481943,-0.7555542561167679,7.901301714741953,2.3319954665573244,-0.581547679952072,0.3797093637791953,-0.3402516654827283,135.39076942255514,60.54859279096664,9.268605055725468,4.145046192240075,1068.8967728625348,222.38668868487392,1068.8967728625348,False,False,False,4.752790982742368,4.886265759331163,Canes_Venatici,143.69455799564588,48.44455799564588,False,True,True,True,3.102468691988655,0.0036
VFID5223,32.75852023075264,-4.726063578867498,24.644362268161448,-8.07084165108885,0.0616345088290418,0.0181908501107664,-2.462728043942166,14.748381467121211,-7.65553906045481,0.3459179438418207,0.1546992074134532,0.0606523654786287,0.027124562441275,2635.941489321848,2041.5235151389948,2635.941489321848,False,False,True,6.06544765089162,6.783755522698471,W-M_Sheet,156.81721917597724,63.42721917597724,False,False,False,False,15.61392920570997,0.0088
VFID5236,32.10833634763985,-5.114971624084254,18.776057588981903,-1.7502483278794316,0.8886741438921436,0.2622838805075135,-2.8516360891589225,8.880076787941668,-1.334945737245392,7.58885499115751,3.393839126323352,1.2925685233752546,0.578054216768719,1953.884956974685,957.0,1953.884956974685,False,False,False,0.6403711279507273,1.962652610002933,W-M_Sheet,160.60389472570358,48.53389472570359,True,True,True,False,3.653398724062933,0.0065
VFID5241,32.03833634763984,-0.0458059109430424,14.711697055804864,-11.895115429663656,0.0929707485245906,0.0274394488287006,2.2175296239822893,4.815716254764629,-11.479812839029616,0.698635147000965,0.3124391360329432,0.0938093590785287,0.0419528207650554,1891.9035375205503,1657.5227993953122,1891.9035375205503,True,False,False,5.2783363224140185,5.681425362932242,LeoII_A,160.9470312499815,46.882968750018506,False,False,False,False,38.40436686018938,0.0063
VFID5244,32.07970779413934,-5.218114178631336,18.52060849564231,-1.2610192111532177,1.2334232590519751,0.3640333646655972,-2.9547786437060046,8.624627694602076,-0.845716620519178,24.2429574007206,10.841780144728574,1.7517650287083155,0.7834131369597328,1928.2941271522584,245.4395237594099,1928.2941271522584,False,False,False,0.9097149627809156,2.2665914893643526,W-M_Sheet,160.84239772629098,5.567602273709014,False,True,True,False,3.1767180511522186,0.0064
VFID5257,31.0185435737062,-3.289882651916733,11.349471966628682,-0.5352604439950023,20.321862519967542,5.997808080173183,-1.0265471169914009,1.4534911655884477,-0.1199578533609627,101.10533965406891,45.21568247094064,21.68081183934449,9.695953816031306,1182.8793071466705,2561.3898649698817,1182.8793071466705,False,False,False,4.517379399371672,4.554341921070388,VirgoIII,92.16785955029206,57.67785955029206,False,False,True,True,3.2891840944133954,0.0039
VFID5276,31.58852023075264,-4.084824380988604,14.756923984244626,-1.438540355122043,1.4814029731901583,0.4372222631593071,-1.821488846063272,4.860943183204391,-1.0232377644880035,11.244956456671254,5.028897408228419,1.838350898874772,0.8221355152763662,1537.9271570968758,957.0,1537.9271570968758,False,False,False,5.0419581340656805,5.781100893382614,VirgoIII,92.16785955029206,68.29785955029206,False,True,True,False,3.97775304701958,0.0051
VFID5292,30.50604372990967,-3.209736034833801,8.535315162414191,2.0295802322457286,0.1305277632662063,0.0385240512495227,-0.94640049990847,-1.3606656386260436,2.444882822879768,0.5331887341893933,0.2384492508969099,0.1164576237869848,0.0520814326571589,934.2012965853282,1408.4384645469163,934.2012965853282,False,True,False,4.130220961514867,4.15513779274897,Canes_Venatici,113.91740370801872,5.632596291981272,False,False,False,False,16.751275685978168,0.0031
VFID5324,32.00304104841203,-5.328348662020193,17.812257350055702,-0.9019619745690308,0.9128743009620331,0.2694263310320473,-3.0650131270948617,7.916276549015468,-0.4866593839349912,3.683229510994776,1.6471903126635257,1.685061122183326,0.7535822430887993,1861.400942226672,957.0,1861.400942226672,False,False,False,1.3075312019638925,2.992860970645056,W-M_Sheet,161.5782365752152,14.248236575215202,False,True,True,False,3.792533566428234,0.0062
VFID5405,32.84248697806503,-8.767297992487979,25.9385147485302,1.0068714859496393,0.2079234984613162,0.0613666802392653,-6.503962457562647,16.04253394748996,1.4221740765836788,5.900559506018489,2.638810432147984,0.387898060497709,0.1734732863226406,2739.864689429061,2739.864689429061,0.0,False,True,False,1.1435342023720498,1.6794232377608072,NGC5353_4,15.79980048571549,49.98019951428451,True,False,False,False,7.302723549547384,0.0091
VFID5429,32.3790452539315,-6.409289403738126,21.1108032531868,-1.767988080275952,4.369436731874002,1.2895984760495884,-4.145953868812795,11.214822452146567,-1.3526854896419125,24.32135586656714,10.876841004521484,10.114141898621869,4.523181763879456,2213.3024793453565,2213.3024793453565,0.0,False,False,False,0.2106099593217222,0.6673744593183801,W-M_Sheet,161.8312972279441,49.67129722794411,True,True,True,False,4.5823885128198105,0.0074
VFID5432,33.033761256492355,-9.663669656446512,28.294226648821443,1.161422720890276,1.1750835431012798,0.3468149419260339,-7.40033412152118,18.398245847781208,1.5767253115243154,29.708045173857563,13.285841697476014,1.6957723259250006,0.7583724390262461,2992.154199937568,2992.154199937568,0.0,False,True,False,0.5924150588434429,1.1675031086695855,NGC5353_4,15.98911438040628,73.52088561959373,True,False,False,False,7.5189945454592895,0.01
VFID5436,31.78999355197101,-5.134141685322818,16.06533478967256,-0.5419629784027723,0.6130656432299386,0.1809406035016798,-2.870806150397486,6.169353988632324,-0.1266603877687327,3.036767683261808,1.3580837943295907,0.777962827042514,0.3479155530469945,1687.4481225187103,2156.591648603422,1687.4481225187103,False,False,False,1.7715379069551127,4.7545592150615406,W-M_Sheet,161.8312972279441,74.99870277205589,False,True,True,False,4.862850988360893,0.0056
VFID5477,32.899376026174004,-8.00240178121288,26.7904303369994,-3.0499947833831724,1.331693224368397,0.3930368278783833,-5.739066246287548,16.894449535959165,-2.634692192749133,26.80819983370368,11.988991436511997,2.4668846520351577,1.1032243549203056,2812.593216389888,2812.593216389888,0.0,False,True,False,1.264447465748573,3.736540247460345,W-M_Sheet,161.08845299577277,,False,False,False,False,5.389090811680728,0.0094
VFID5508,32.65852023075263,-7.418775700193394,23.94826541878332,-2.263754653929788,2.4767595974386354,0.7309924821884709,-5.155440165268063,14.052284617743084,-1.848452063295748,13.33056403422768,5.9616094717893855,2.454308733425925,1.097600233142356,2517.304579488667,325.6244314168383,2517.304579488667,False,False,False,1.8365540184433828,1.956299794739428,W-M_Sheet,161.08845299577277,81.73845299577278,True,True,True,False,5.15693703196557,0.0084
VFID5526,31.15833634763985,-3.790997572343073,11.988319013879964,-1.0273117931192723,19.91554851561618,5.877888293490658,-1.5276620374177412,2.092338212839728,-0.6120092024852328,51.79789508494951,23.16472290026987,57.75726410726278,25.82983374764965,1261.5340855179018,206.9289177487985,1261.5340855179018,False,False,False,4.747636749394983,4.748013149049012,VirgoIII,92.16785955029206,,False,True,True,True,5.206108601620943,0.0042
VFID5532,32.03852023075263,-5.663655056729341,17.976516876035525,-1.6608362370784155,1.5076868810966852,0.4449797132978167,-3.400319521804009,8.08053607499529,-1.245533646444376,17.325200964215522,7.7480654159661615,1.973092720048008,0.8823938895874617,1892.0637531605496,106.6848966613668,1892.0637531605496,False,False,False,0.6439819665690826,2.582593825891994,W-M_Sheet,161.8312972279441,5.901297227944099,False,True,True,False,5.325921836424068,0.0063
VFID5544,31.46852023075263,-2.573058393249386,13.086524613609614,-5.82200170005552,0.3558949244174088,0.1050390657483282,-0.3097228583240543,3.190543812569379,-5.40669910942148,2.6614450452522003,1.190234407912785,0.4340571290852153,0.1941162493505885,1455.2438275187103,1717.7623051972332,1455.2438275187103,False,False,True,3.1391872127795057,3.2479515491773454,LeoII_A,163.5278340773421,71.80216592265786,False,False,False,False,21.308051079470825,0.0049
VFID5546,30.998520230752632,-3.650163247971317,11.121276687694891,-0.5975543543613717,14.383110427758435,4.245040820292417,-1.3868277130459852,1.2252958866546564,-0.1822517637273321,48.77479839824508,21.81275296146477,13.425735181430378,6.00417130271776,1172.0220053715827,298.962951693441,1172.0220053715827,False,False,False,4.407668167363839,4.48098250805624,VirgoIII,92.16785955029206,70.78785955029207,False,True,True,True,5.314010189392377,0.0039
VFID5573,32.76861233285418,-7.554046485391687,25.10664101742305,-3.72830787313098,2.3437397741717727,0.6917329226855325,-5.290710950466355,15.210660216382816,-3.3130052824969405,4.940947165927995,2.209658747249986,2.301652738014364,1.0293303965597265,2648.220763225865,2423.322617633531,2648.220763225865,False,True,False,1.9631734241940912,2.685402092803489,W-M_Sheet,161.08845299577277,40.24154700422724,False,False,False,False,6.917650382881673,0.0088
VFID5582,32.069095826166105,-5.772483282119291,18.203990696798755,-1.873074564648183,1.4614866785813412,0.4313441546633707,-3.509147747193959,8.30800989575852,-1.4577719740141435,12.8913706162154,5.765196204200198,1.7506835014616222,0.7829294632711079,1918.893558424266,140.17855255477355,1918.893558424266,False,False,False,0.5846686376092691,2.323375604869349,W-M_Sheet,162.08879648789372,,False,True,True,False,5.718669736207818,0.0064
VFID5625,32.248465052143494,-6.3388701878493565,19.739487177155464,-2.128616107558743,8.4012282841429,2.479544128226503,-4.075534652924025,9.84350637611523,-1.7133135169247034,11.788256095822264,5.2718683932869705,7.795453781324197,3.486232914099737,2084.1296404227087,2084.1296404227087,0.0,False,False,False,0.2471469909331334,0.7330109383818038,W-M_Sheet,162.3510950243451,60.79890497565489,True,True,True,False,6.038705182392865,0.007
VFID5627,32.721886682612514,-7.876361869453064,24.547688915177275,-2.672084764874288,4.652107727612732,1.373026182570411,-5.613026334527733,14.65170811413704,-2.2567821742402483,24.720532770299805,11.05535834288031,4.407256287672473,1.9709849306998035,2591.8451812667454,2591.8451812667454,0.0,False,True,False,1.33287034066785,1.843357265602974,W-M_Sheet,161.08845299577277,52.96154700422723,True,False,False,False,6.059820805582006,0.0086
VFID5632,30.99833634763985,-3.493174632275995,11.094171672098907,-1.434357600372043,3.972501114134504,1.1724466326569245,-1.2298390973506632,1.1981908710586726,-1.0190550097380036,14.480553179228911,6.475900252111309,5.92679150554578,2.6505417389737373,1171.9227612232962,338.2217591709786,1171.9227612232962,False,False,False,5.236628623064912,5.302682440606111,VirgoIII,92.16785955029206,72.12214044970793,False,True,True,True,6.552253634679896,0.0039
VFID5637,31.71833634763985,-5.010792565023809,15.457282466616684,-1.5894078184008806,1.446026882271936,0.4267813400526886,-2.7474570300984777,5.561301665576449,-1.1741052277668411,20.19293118037153,9.030553356857164,1.6811328393449516,0.751825461596509,1632.6721673246816,334.1128527489656,1632.6721673246816,False,False,False,1.2868134224167824,5.182547352800677,W-M_Sheet,161.8312972279441,29.868702772055883,False,True,True,False,6.015268233204187,0.0054
VFID5652,30.57852023075263,-3.1099774066527948,9.128848875822332,-0.5385038424723904,2.324243918573773,0.6859789028401234,-0.8466418717274631,-0.7671319252179032,-0.1232012518383507,25.492993637489608,11.400813344679278,2.247904265557201,1.005293348939528,965.9080062606948,2302.1854929734054,965.9080062606948,False,False,False,4.655578712647268,4.743888985803051,Canes_Venatici,116.9078485962625,44.49215140373751,False,False,True,True,5.984201161124854,0.0032
VFID5676,30.946417436186813,-3.6227919026068727,10.809691285301987,-0.9763780300261315,14.386006769287166,4.245895648466108,-1.359456367681541,0.9137104842617524,-0.561075439392092,224.05469986808671,100.200307916671,20.701188804095825,9.257853076203167,1144.234944889577,2111.4388548528414,1144.234944889577,False,False,False,4.764449490416652,4.894056561187488,VirgoIII,92.16785955029206,17.45785955029207,False,True,True,True,6.184975379887215,0.0038
VFID5713,33.2695606146298,-11.17439721396232,31.401053269086425,-1.2550318651639545,0.0312094497026416,0.0092111778347254,-8.911061679036989,21.50507246804619,-0.839729274529915,0.2039384501156215,0.0912040475368959,0.0292819213737257,0.0130952733406909,3335.3686520173287,2641.486294706237,3335.3686520173287,False,True,False,2.0897634811149346,4.279796301781124,NGC5353_4,16.54534543620883,22.41465456379117,False,False,False,False,6.703362560025172,0.0111
VFID5743,31.213896436309785,-4.170711799357862,12.198314748126528,-1.1441408745359505,5.421683431988789,1.6001592700753775,-1.9073762644325307,2.302333947086293,-0.728838283901911,13.868023266978945,6.201968547702728,5.205624759319703,2.328026165438968,1294.228642661133,678.4538914301438,1294.228642661133,False,False,False,4.735288233052254,4.742966993619756,VirgoIII,92.16785955029206,71.92785955029207,False,True,True,False,6.573476216407827,0.0043
VFID5759,32.058520230752634,-5.859167314503392,17.975606673266398,-2.6821238736596085,0.7943177174897658,0.23443546178426,-3.59583177957806,8.079625872226163,-2.266821283025569,7.094203050973745,3.1726240536327395,0.7929564114541723,0.3546208878411644,1909.57080351837,2341.3467950874165,1909.57080351837,False,True,False,0.97466724019111,2.6404440141366003,W-M_Sheet,162.3510950243451,53.27890497565488,False,False,False,False,7.70354675579039,0.0064
VFID5776,32.678474959010984,-8.275665781824022,23.920247879700284,-2.184365115468798,2.296014541008519,0.6776472654868649,-6.01233024689869,14.02426707866005,-1.7690625248347591,3.6762882286758334,1.644086076840291,2.1217306106803413,0.9488667750846768,2540.543945135443,2482.5863415507897,2540.543945135443,False,True,False,1.0535509403749903,1.2357868799589085,W-M_Sheet,161.08845299577277,31.928452995772773,True,False,False,False,6.708334180234734,0.0085
VFID5842,31.97852023075264,-7.559134005434148,16.01075017663197,5.025864071480108,0.1438960774572365,0.042469584430572,-5.295798470508816,6.114769375591735,5.441166662114148,0.97880597082299,0.4377353375085762,0.1137025905361818,0.0508493443313453,1840.4997630959533,1709.360289209973,1840.4997630959533,False,True,False,1.5070826128496382,3.65679749026682,VirgoIII,98.48342531205874,82.58342531205874,False,False,False,False,21.93025489976425,0.0061
VFID5846,30.98852023075263,-4.180047179864273,10.891707896828263,0.0458922797946625,2.143325097436394,0.6325824011067325,-1.9167116449389408,0.9957270957880286,0.461194870428702,6.720538426409664,3.0055161533702948,2.0805037368900376,0.9304295566256922,1166.6370534020732,331.4997711426611,1166.6370534020732,False,False,False,3.606511429365033,3.752590384523824,VirgoIII,92.16785955029206,,False,True,True,True,8.50800518719247,0.0039
VFID5852,32.32852023075263,-7.068547966431366,20.30148493231496,-2.3413971580978985,17.60853288788493,5.196994159919164,-4.805212431506034,10.405504131274723,-1.926094567463859,40.62597134295178,18.16848671495972,33.88787668330745,15.155119175401111,2162.3986715282203,2087.520779032341,2162.3986715282203,False,False,False,0.4244665992621225,0.4249127523342494,W-M_Sheet,164.3578280512045,70.1421719487955,True,True,True,False,7.391638027770817,0.0072
VFID5855,31.29852023075264,-5.543852552805276,11.713271292775415,3.6256600229371294,0.4195859269505666,0.1238368707847691,-3.280517017879944,1.8172904917351804,4.040962613571169,3.286742461095404,1.4698759135088562,0.7566553164630614,0.3383865446296042,1345.6613099414233,1794.6504127138337,1345.6613099414233,False,True,False,0.0878925195277303,0.2633045905724378,VirgoIII,92.46215514555526,82.61784485444475,True,False,False,False,21.783822250323883,0.0045
VFID5889,31.17352598721028,-5.289455099409389,11.002692957213254,3.514452541117059,0.2853827379533394,0.084228051929623,-3.0261195644840577,1.106712156173019,3.9297551317510986,1.817556247361156,0.8128358644057935,0.2602795462131871,0.1164005516970969,1270.3895631779344,1522.807862532039,1270.3895631779344,False,True,False,0.2537351941488238,0.9599815396860708,VirgoIII,92.16785955029206,47.31785955029206,True,False,False,False,22.327581904882653,0.0042
VFID5905,32.33357114106213,-9.354919036929829,16.839724621712456,9.934098957884666,0.3400761060913552,0.1003702891398077,-7.091583502004497,6.943743820672221,10.349401548518706,4.729554637391325,2.1151211345012744,0.5581123266650474,0.2495954203007228,2167.4343303262176,1849.5758267405613,2167.4343303262176,False,True,False,1.4922540859429485,1.6995853136521564,VirgoIII,87.6437862473981,75.6762137526019,True,False,False,False,33.4706904488626,0.0072
VFID5960,30.68852023075263,-3.428586066151456,9.490870187774345,-1.1890230204761445,1.5169301770021926,0.4477077858263564,-1.165250531226124,-0.4051106132658901,-0.7737204298421048,24.728576092668725,11.058955425996682,1.9391766876888064,0.8672261788110102,1016.0983962068534,2053.0701730860537,1016.0983962068534,False,False,False,5.093280811510924,5.36801303070213,Ursa_Major_Cloud,161.90451836666793,,False,True,True,True,8.218757577239337,0.0034
VFID5962,30.92472127928651,-4.249510519867036,10.500229148262262,0.1544937366823672,1.3831185639914778,0.4082145369694621,-1.986174984941704,0.6042483472220272,0.5697963273164068,4.716513543062944,2.109288979817425,1.810501543800716,0.8096809050613426,1132.8593034404191,360.75161494790086,1132.8593034404191,False,False,False,3.480003308074998,3.761712361305452,VirgoIII,92.16785955029206,12.167859550292064,False,True,True,True,9.667515784262594,0.0038
VFID5964,32.10472006353632,-8.533956486825547,15.50457852434598,8.202245494312947,2.4552073711819764,0.7246315437331055,-6.270620951900215,5.608597723305746,8.617548084946987,13.768637550762438,6.157521904212204,2.548393716226504,1.1396763165831545,1950.6337423658483,1854.568224505312,1950.6337423658483,True,False,False,1.018956378036456,1.943741342122976,VirgoIII,109.15393858962108,2.153938589621077,True,False,False,False,31.299218656311897,0.0065
VFID5988,31.34963303975834,-5.239725946306562,12.73765560024692,0.3260952513188875,0.95077047488507,0.2806110331202494,-2.9763904113812303,2.841674799206684,0.741397841952927,3.7951225159113897,1.6972303857035789,1.4131911981949767,0.6319983168736693,1377.7116399879644,378.739010583172,1377.7116399879644,False,False,False,3.082721981516072,3.187138431399703,VirgoIII,92.16785955029206,35.21214044970793,False,True,True,False,10.1718769923135,0.0046
VFID5992,32.949349055929844,-10.129717049552042,26.833870965871423,-2.3794062853184785,0.2213256766203153,0.0653222080544438,-7.86638151462671,16.937890164831188,-1.964103694684439,1.2702601383549914,0.5680776036940097,0.2524574876971205,0.1129024207839156,2878.071181864055,2633.3232510596968,2878.071181864055,False,True,False,3.510580047617436,3.5803711185619904,NGC5353_4,16.36141874728497,22.881418747284982,False,False,False,False,8.144705231569745,0.0096
VFID5995,33.060894708410736,-10.285829741650542,28.24528343123449,-3.7895283039296825,0.2793792450096866,0.0824561770115969,-8.02249420672521,18.349302630194256,-3.374225713295643,2.6628492113452085,1.190862370079918,0.4558256017698133,0.2038514062884102,3029.776979170705,2105.109240951881,3029.776979170705,False,False,False,4.6847071511048775,4.7203689707846594,NGC5353_4,16.54534543620883,0.6653454362088294,False,True,True,False,8.594275854762113,0.0101
VFID6023,32.77833634763985,-9.348816418101594,24.76154152434701,-2.661247371885496,0.9335077729235766,0.2755161077309779,-7.0854808831762615,14.865560723306777,-2.2459447812514566,2.4409420055974245,1.091622450730103,1.0339888123379126,0.4624138544723692,2660.1062848233987,2481.399981538826,2660.1062848233987,False,True,False,0.1400494108239216,1.4937832136176763,W-M_Sheet,161.08845299577277,52.33845299577277,True,False,False,False,8.490931002983269,0.0089
VFID6028,31.463525987210275,-6.224640961450523,12.64650309945544,3.481575934905908,0.2508607005852049,0.0740391947583282,-3.961305426525191,2.7505222984152056,3.896878525539948,3.286742461095404,1.4698759135088562,0.7566553164630614,0.3383865446296042,1451.9007084991028,1385.573451719767,1451.9007084991028,False,False,False,0.6389521347526885,0.8896504616869034,VirgoIII,93.04688760404116,53.71311239595882,True,False,False,False,20.916667094600285,0.0048
VFID6048,32.94596175096065,-12.85995695214978,22.915159876752472,11.6303961079466,0.0306027294327956,0.0090321100089633,-10.596621417224448,13.019179075712238,12.04569869858064,0.3020891388232261,0.1350983699346208,0.0451465444943984,0.0201901484877387,2873.585145103606,1980.3141975381136,2873.585145103606,False,True,False,2.0070588656624726,5.945162267496979,VirgoIII,96.68779998322113,65.98220001677888,False,False,False,False,30.698077724741573,0.0096
VFID6056,33.018520230752635,-10.3375960025881,27.609922094941,-3.693917544455807,0.3153615816459136,0.0930760278844301,-8.074260467662768,17.713941293900763,-3.2786149538217675,1.5981393989726873,0.7147096667247173,0.4078301409130583,0.1823871836709833,2971.226541391072,2786.2179233397924,2971.226541391072,False,True,False,4.575991313978857,4.576336683680255,NGC5353_4,16.54534543620883,15.43534543620883,False,False,False,False,9.001472371255874,0.0099
VFID6060,32.618336347639854,-8.483493821331685,22.94811573127028,-3.4745093251431496,1.172255815612377,0.3459803645458945,-6.2201582864063525,13.052134930230046,-3.05920673450911,30.23901818011572,13.523300044718145,1.2056068284914865,0.5391637645289787,2471.1493238629955,2282.711549847452,2471.1493238629955,False,True,False,1.1115573791109212,1.1222954057981094,W-M_Sheet,159.92232410513122,,True,False,False,False,9.343075560445865,0.0082
VFID6091,31.828336347639848,-7.741982741500175,13.958448709166916,6.3409057371875885,0.712168603000718,0.2101899172542073,-5.478647206574843,4.062467908126681,6.7562083278216285,2.5432019698049784,1.13735449699906,0.7506473626958419,0.3356997060237684,1717.5088724778936,1770.9889632054717,1717.5088724778936,False,True,False,0.8390944760170101,1.3790504086602149,VirgoIII,99.9560074619162,38.84600746191619,True,False,False,False,28.7267850618044,0.0057
VFID6093,32.83022094902074,-9.7784688833582,25.26683089551836,-2.867326146387149,0.4986088074231185,0.1471597365187111,-7.515133348432869,15.37085009447812,-2.4520235557531094,2.496845299774241,1.1166231639192086,0.4673063973177327,0.2089857741445951,2724.4316039043465,2028.3911063676896,2724.4316039043465,False,False,False,0.601605160681545,2.0813353600168987,W-M_Sheet,161.08845299577277,32.55845299577277,False,True,True,False,9.041609282257804,0.0091
VFID6098,31.9891588051945,-8.40370747604387,14.381506517383269,8.03924139830482,4.420258383046178,1.3045980121279732,-6.140371941118538,4.485525716343034,8.45454398893886,15.416453685151712,6.894447682395274,6.832826826289874,3.055733052413661,1849.5389460962183,1860.617991974059,1849.5389460962183,True,False,False,0.6246051602072928,1.062905379323914,VirgoIII,105.53990387807104,70.02990387807105,True,False,False,False,32.77337823745182,0.0062
VFID6179,33.0033068855991,-11.84779653384051,27.01807781786746,0.4337074623829296,0.140776792987593,0.0415489567283619,-9.584460998915178,17.122097016827226,0.8490100530169692,0.7883687510873553,0.3525692237535875,0.1403842233578338,0.062781733279326,2950.4828652994274,2950.4828652994274,0.0,False,False,False,0.225029812005989,0.6053042924239178,NGC5353_4,16.422868863900877,74.38713113609913,True,False,False,False,11.253215228593389,0.0098
VFID6182,31.66854325652217,-5.476278102851518,14.704968042012062,-2.896099365557966,0.3080696549926761,0.0909238837806186,-3.2129425679261865,4.808987240971828,-2.4807967749239266,1.8965993307864528,0.8481850059438236,0.3172698203493564,0.1418873771020614,1595.6600468506829,1869.87558285133,1595.6600468506829,False,False,False,1.52846291652813,5.886164233691617,W-M_Sheet,162.89165833770778,37.53165833770778,False,True,True,False,11.042488572085258,0.0053
VFID6185,31.490894708410742,-5.828393110169631,13.498073832193844,-0.1213623205764652,1.1747974636102068,0.3467305082339231,-3.5650575752442992,3.602093031153609,0.2939402700575743,7.52344104212058,3.364585118978696,1.1801791234931664,0.5277921491513679,1470.315926047476,1226.1281061909149,1470.315926047476,False,False,False,3.531947991602501,3.864985067960261,VirgoIII,92.16785955029206,88.62214044970794,False,True,True,False,10.63376582096903,0.0049
VFID6247,31.203802285214213,-4.82575672797911,11.866521324287367,-1.3603144755952628,1.5724213856873637,0.4640854982286262,-2.5624211930537784,1.9705405232471345,-0.9450118849612232,5.815768324969746,2.600890663204488,1.6465132443840604,0.7363431080592966,1288.2263458333575,2052.597419103776,1288.2263458333575,False,False,False,4.806445014921653,4.806845051097741,VirgoIII,92.16785955029206,82.91785955029206,False,True,True,False,9.942514168982626,0.0043
VFID6306,31.69833634763985,-7.156384211098776,14.327704766350056,2.280258723010052,0.151793391150421,0.0448004028697827,-4.893048676173445,4.431723965309821,2.695561313644091,0.6051346787864592,0.2706244554618046,0.141331614352785,0.0632054194125224,1617.7037389226043,1094.293961876561,1617.7037389226043,True,False,False,1.985725799848105,3.114341626225041,VirgoIII,92.16785955029206,,False,False,False,False,17.166154100956618,0.0054
VFID6380,31.99969251283769,-8.878447351866482,14.806167928855986,6.882221181096535,1.7033044697231727,0.5027144190874617,-6.61511181694115,4.910187127815751,7.2975237717305745,3.243685763846333,1.450620373121746,2.244591680817156,1.003811916007534,1858.5327667353145,1658.454036881478,1858.5327667353145,False,False,True,1.6197629489004095,2.2093624195935506,VirgoIII,103.55580169980436,58.95419830019564,False,False,False,False,29.86053025103841,0.0062
VFID6456,32.05833634763985,-7.991890640625826,17.33973726269773,-0.2179652161907767,1.84860610125328,0.545598839686082,-5.728555105700494,7.443756461657497,0.1973373744432628,5.388541894850196,2.409829195298112,2.382176052943417,1.0653415177507235,1909.409105421308,1714.690866343034,1909.409105421308,False,False,False,1.7698371151235377,3.4501073488504788,W-M_Sheet,166.81164417979758,5.26835582020243,False,True,True,False,11.977434087056988,0.0064
VFID6480,31.32852023075263,-5.7911644152685895,12.353779734604895,-0.0134377964342455,1.0885553581496965,0.3212769556142282,-3.527828880343258,2.4577989335646624,0.401864794199794,5.123747866900664,2.2914097059918856,1.3529777539916483,0.6050700459940627,1364.3813234949414,1075.4851294490854,1364.3813234949414,False,False,False,3.421249525796663,3.4475761953472808,VirgoIII,92.16785955029206,41.01214044970794,False,True,True,False,12.441759015143056,0.0046
VFID6643,31.44854325652217,-6.517325639982009,12.857218665520142,0.3591134235243337,0.419168389416022,0.1237136384778875,-4.253990105056678,2.961237864479907,0.7744160141583734,4.084096415645919,1.826463442409502,0.5643978275298803,0.2524063817420029,1441.917361576321,1350.477436456999,1441.917361576321,False,False,False,3.198836897555241,3.3309174906686905,VirgoIII,92.16785955029206,84.96785955029206,False,True,True,False,14.4936385262906,0.0048
VFID6645,30.308336347639848,-2.432004244397968,7.255160855207642,-3.767244403180183,0.1542617313145588,0.0455289104348021,-0.1686687094726355,-2.6408199458325923,-3.351941812546144,0.411474420369031,0.1840169549894955,0.13155120019826,0.0588314852329986,852.9017180953467,562.5835271173914,852.9017180953467,False,True,False,3.55844670660722,4.478395359946285,Leo_Minor,172.14426629432216,9.364266294322164,False,False,False,False,24.47863345388626,0.0028
VFID6673,31.67833634763985,-8.191603304521664,11.97491765628463,6.813150591560583,0.2798652611871415,0.0825996201508943,-5.928267769596332,2.078936855244395,7.228453182194623,6.183899281490443,2.7655238318849475,0.4074244927084067,0.182205772278873,1602.872541896984,2160.80597215148,1602.872541896984,False,True,False,0.9983450336473204,1.362453341387609,VirgoIII,100.25837870173028,87.31837870173028,True,False,False,False,34.497572245265786,0.0053
VFID6708,30.354618715837344,-3.796684490537666,7.819327717725781,-0.5961433974910161,0.2034076575520877,0.0600338719365059,-1.5333489556123343,-2.0766530833144534,-0.1808408068569765,9.98175924776926,4.463978442609847,0.2008448715641249,0.0898205571499195,871.2754215990261,779.9237677542878,871.2754215990261,False,False,False,4.95218866047903,5.103831154824415,Ursa_Major_Cloud,160.35077338113862,66.13077338113862,False,True,True,True,13.092077242108145,0.0029
VFID6759,32.04852023075263,-7.452621505041974,16.918723850460434,-4.417939125602115,0.1735518621900297,0.0512222125481698,-5.189285970116643,7.0227430494202,-4.002636534968075,0.9957550538418064,0.4453151978658484,0.2401064277183205,0.1073788588425609,1900.7971226384968,1841.7599194261152,1900.7971226384968,False,True,False,2.4762559751433533,4.190098384815424,W-M_Sheet,166.4229756414551,34.977024358544895,False,False,False,False,15.463693095294293,0.0063
VFID6761,32.585381160943825,-12.37756639429335,20.15949882541452,5.726396960638118,0.0142498163759546,0.0042057003247959,-10.114230859368018,10.263518024374282,6.141699551272158,0.111286651402712,0.0497689035049573,0.0139134385717338,0.0062222788894329,2433.9292612724694,1654.2909035195662,2433.9292612724694,True,False,False,5.508593861312274,6.197811647898057,VirgoIII,96.68779998322113,80.1777999832211,False,False,False,False,24.43699809490528,0.0081
